Price,Yield,MacDur
110.7444495,0.078523279,2.486595943
110.7255253,0.078591678,2.486479043
110.0521094,0.081035369,2.482306301
109.8566385,0.081748254,2.481090372
109.5829226,0.082749212,2.479384127
109.4281495,0.083316614,2.478417466
109.6315663,0.082571094,2.479687661
109.1492258,0.084341734,2.47667199
109.318445,0.08371941,2.477731471
108.8845227,0.085317674,2.47501143
108.6039039,0.086355593,2.473246669
108.7474163,0.085824361,2.474149755
108.8641933,0.085392751,2.474883733
108.9269911,0.085160893,2.475278115
108.9548786,0.085057983,2.475453182
108.4279675,0.087008067,2.47213794
107.8742905,0.08907024,2.468637111
107.8919937,0.089004096,2.46874932
108.5609631,0.086514718,2.472976226
108.88771,0.085305904,2.475031449
108.9486771,0.085080865,2.475414255
109.1962806,0.084168561,2.476966763
109.5340446,0.08292829,2.479078997
109.5893586,0.08272564,2.479424295
109.3324079,0.083668115,2.477818821
109.4407351,0.083270437,2.478496122
109.7229302,0.082236818,2.480257408
109.5702162,0.082795756,2.479304818
110.0235017,0.081139601,2.48212848
110.1270852,0.080762358,2.482772124
110.646507,0.078877441,2.485990714
110.2610651,0.080275082,2.483603759
110.1946051,0.080516699,2.483191356
109.5627582,0.082823078,2.479258263
109.7487184,0.082142531,2.480418139
110.0103861,0.081187399,2.48204694
110.0184982,0.081157835,2.482097374
109.9392619,0.081446729,2.481604592
109.8152847,0.081899278,2.480832857
110.4859247,0.079458971,2.484997262
110.2000496,0.080496898,2.48322515
110.4391026,0.079628734,2.484707327
110.6599868,0.078828673,2.486074043
110.8346482,0.078197471,2.487152853
111.1015841,0.077235237,2.488798371
111.3266085,0.076426361,2.4901825
111.3795116,0.076236497,2.490507508
111.4790991,0.075879396,2.491118907
111.765615,0.074854263,2.492874918
112.2308891,0.073196635,2.495717081
112.2291944,0.073202657,2.495706749
112.1288576,0.073559394,2.495094809
112.5943455,0.071907809,2.497929216
112.4200933,0.072525052,2.496869529
112.3767049,0.072678933,2.496605418
112.6433178,0.071734556,2.498226742
112.8148589,0.071128433,2.499267918
113.429693,0.068965554,2.502986912
113.4889112,0.06875802,2.503344061
113.1465009,0.069959922,2.501276419
112.7494653,0.071359356,2.498871193
112.5055735,0.072222109,2.497389565
112.776569,0.071263625,2.499035651
112.3945914,0.072615487,2.496714308
112.5478418,0.072072417,2.497646569
112.8880013,0.070870348,2.499711385
112.9515149,0.07064641,2.500096243
112.9197244,0.070758478,2.499903636
112.828755,0.071079384,2.499352193
113.253784,0.069582849,2.50192491
113.1514202,0.069942622,2.501306168
113.0740677,0.070214762,2.500838243
113.2296975,0.069667467,2.501779368
113.5583249,0.06851493,2.503762466
112.9692025,0.070584076,2.500203382
112.5050377,0.072224007,2.497386307
112.6765198,0.071617148,2.498428385
112.6320292,0.071774484,2.49815817
112.5997497,0.071888685,2.497962055
112.6876681,0.071577736,2.498496078
112.8213497,0.071105522,2.499307284
112.8857685,0.070878224,2.499697852
113.1624383,0.069903877,2.501372794
113.8428854,0.067520354,2.505475083
114.2889838,0.065967511,2.508151445
114.6276473,0.064793767,2.510176394
114.4067383,0.065558897,2.508856196
114.5701586,0.064992702,2.509833071
114.8631394,0.063980185,2.511580989
114.993266,0.063531528,2.512355915
115.2270646,0.06272704,2.51374606
115.613034,0.061403458,2.516034937
115.7231136,0.061026994,2.516686354
115.7853245,0.060814439,2.517054229
115.5256363,0.061702674,2.515517311
116.1549498,0.05955452,2.519235953
116.4609662,0.058515259,2.521037063
116.5879395,0.058085061,2.521783019
116.8740065,0.057118009,2.523460713
117.0412906,0.056553892,2.524439912
117.6151518,0.054626444,2.527788589
118.0774369,0.053082391,2.530474523
118.2448629,0.052525068,2.531444741
118.8222531,0.050610702,2.534780337
118.9249661,0.050271386,2.535372044
119.0087026,0.049995034,2.53585406
118.1321857,0.052900035,2.530791936
118.1536749,0.052828488,2.530916482
117.8212925,0.053936977,2.528987572
117.9403149,0.053539585,2.529678907
117.8269666,0.053918021,2.529020545
117.1877638,0.056060791,2.525296165
117.0830525,0.056413221,2.524684151
116.6696813,0.057808426,2.522262822
116.2973659,0.059070431,2.520074746
115.78365,0.060867857,2.519657507
116.0409568,0.059990896,2.521176967
116.6129249,0.058050294,2.524542741
117.3306344,0.055632203,2.528743243
117.481583,0.055126014,2.529623476
116.8694443,0.057183875,2.526046971
116.8769394,0.057158595,2.526090874
117.174681,0.056156041,2.527832655
117.5842028,0.05478236,2.530221253
117.599676,0.054730576,2.530311342
117.3212222,0.055663793,2.528688321
117.5011613,0.05506042,2.529737563
117.7759284,0.054141325,2.531336712
118.0919675,0.053087527,2.533171536
118.2063896,0.052706878,2.533834646
118.7949647,0.050756208,2.537235673
119.8119032,0.047414503,2.543073133
120.1225153,0.046400967,2.544846419
120.2651018,0.045936812,2.545658939
120.2354234,0.046033365,2.545489896
120.289301,0.045858107,2.545796742
120.7176728,0.044468179,2.548231633
120.9336587,0.043769739,2.549456095
120.3735997,0.04558409,2.546276573
120.9550747,0.043700571,2.549577389
121.6462591,0.041476519,2.553480784
121.5252075,0.041864876,2.552798732
121.3358866,0.042473235,2.551730686
121.8736175,0.040748428,2.554760012
121.613568,0.04158135,2.553296655
121.0391008,0.04342934,2.550053086
120.1892401,0.046183674,2.545226764
120.0248921,0.046719156,2.544289574
119.7304246,0.047680921,2.542607224
119.5429449,0.048294812,2.541533998
119.2216869,0.049349589,2.539691111
119.0514968,0.049909828,2.538712842
118.7900715,0.050772375,2.537207466
119.2114359,0.049383305,2.539632226
119.0105221,0.050044861,2.538477111
119.270522,0.049189018,2.539971566
119.3536081,0.048916021,2.540448463
119.5735928,0.048194374,2.541709555
119.8165956,0.047399167,2.543099956
120.0166978,0.04674588,2.544242812
120.4382345,0.045374157,2.546644253
120.6423684,0.044712066,2.547804213
120.5875979,0.04488957,2.547493177
121.1076104,0.043208371,2.550440698
121.4673508,0.042050664,2.552472509
121.7889607,0.041019331,2.554283966
121.2635142,0.042706112,2.551321968
121.3592925,0.042336386,2.549250704
121.5196485,0.041820762,2.550155314
121.4299116,0.042109204,2.549649229
121.5307497,0.041785098,2.550217895
121.9141874,0.040555779,2.552376032
122.0002159,0.040280638,2.55285932
121.7909358,0.040950395,2.551683052
121.9822352,0.040338125,2.552758336
121.7628262,0.041040465,2.551524909
121.1419044,0.043036772,2.548022488
120.7592714,0.044273419,2.545855394
120.8415774,0.044006993,2.546322114
120.6649208,0.044579115,2.545319992
121.1316312,0.04306991,2.547964392
121.0530926,0.043323366,2.54752009
121.4881002,0.041922137,2.549977434
121.5179946,0.041826076,2.55014599
121.5464291,0.041734733,2.550306276
121.101441,0.043167314,2.547793636
120.9374828,0.043696835,2.546865556
121.0412469,0.043361612,2.547453052
121.3019863,0.042520862,2.548927141
121.5911907,0.041590996,2.550558524
121.924054,0.040524211,2.552431478
122.1354778,0.039848534,2.553618513
122.3165202,0.039271124,2.554633372
122.0551175,0.040105178,2.553167569
121.947046,0.04045066,2.552560664
122.1738642,0.039726015,2.553833817
122.2003545,0.039641494,2.553982358
122.2860137,0.039368345,2.554462467
122.109688,0.039930874,2.553473825
121.7711018,0.041013945,2.551571471
121.1876169,0.042889363,2.548280938
121.2208553,0.042782223,2.548468801
121.2181875,0.042790821,2.548453724
120.9856404,0.04354121,2.547138278
120.95464,0.043641381,2.546962731
121.0358153,0.04337915,2.547422312
120.8779405,0.043889358,2.546528213
120.9394942,0.043690333,2.546876949
120.936643,0.043699549,2.546860799
120.8067534,0.04411969,2.546124681
121.2992848,0.042529561,2.548911884
121.2521061,0.042681523,2.548645384
121.2819252,0.042585468,2.548813836
120.8894161,0.043852244,2.546593241
120.2704557,0.045860469,2.543077095
120.1267266,0.046328671,2.542258068
119.5368773,0.048257571,2.538886758
119.1265887,0.049606395,2.536532088
118.7487563,0.05085373,2.53435663
118.5889666,0.051382754,2.533434557
118.3416921,0.052203201,2.53200524
117.91952,0.053608978,2.52955817
117.1210772,0.056285194,2.524906459
117.1018779,0.05634983,2.524794221
116.5448889,0.058230854,2.52153019
116.5495209,0.058215165,2.521557397
115.8716376,0.060519773,2.517564307
115.1774127,0.062897716,2.513451067
116.0831931,0.059798715,2.518812942
115.82937,0.060664036,2.517314568
115.8534785,0.060581744,2.517457025
116.2871683,0.059105069,2.520014718
116.0709084,0.05984054,2.518740496
115.7053264,0.061087794,2.516581136
115.2817386,0.062539208,2.514070747
115.2032388,0.062808928,2.513604521
115.145486,0.063007512,2.513261317
115.5122493,0.061748532,2.51543799
115.2716321,0.06257392,2.51401074
115.6020741,0.061440965,2.515970047
115.0236191,0.063426967,2.512536549
115.110945,0.063126342,2.513055971
115.057714,0.063309559,2.512739395
115.2592693,0.062616387,2.513937329
114.9926912,0.063533508,2.512352495
114.6997108,0.064544576,2.510606519
114.3470107,0.065766088,2.508498821
114.0962174,0.066637575,2.50699621
113.715974,0.067963536,2.504711793
113.9043429,0.067305966,2.505844409
113.7214135,0.067944528,2.504744525
113.2460588,0.069609986,2.501878234
112.999563,0.070477108,2.500387246
112.7445355,0.071376772,2.498841276
112.4837702,0.072299352,2.497256958
112.3006308,0.072948918,2.496142102
111.909368,0.074341182,2.493754287
111.7366571,0.07495772,2.492697642
111.5049656,0.07578671,2.491277621
111.4689655,0.075915714,2.491056718
111.3309071,0.07641093,2.490208915
111.3401433,0.076377775,2.490265666
111.5715544,0.075548232,2.491686037
111.8095158,0.074697484,2.493143587
111.863896,0.074503389,2.493476246
112.378488,0.072672607,2.496616274
112.5420794,0.072092821,2.497611537
112.743283,0.071381197,2.498833675
113.2667896,0.069537168,2.502003483
113.6329288,0.068253874,2.504211875
113.4036633,0.06905682,2.502829868
113.9998175,0.066973204,2.506417771
113.9509904,0.067143339,2.506124605
113.9136195,0.067273618,2.50590014
114.0320187,0.066861051,2.506611045
114.2579742,0.066075205,2.507965736
114.6551598,0.064698607,2.510340639
114.5051003,0.065217984,2.509444337
114.7835746,0.06425483,2.511106741
115.5986474,0.061452692,2.515949757
115.6090197,0.061417195,2.516011171
115.8967285,0.060434167,2.517712515
116.7788343,0.057439406,2.522903006
116.8384637,0.057237998,2.523252485
116.8223332,0.057292469,2.523157964
117.098518,0.056361143,2.524774577
116.8350075,0.057249669,2.523232233
117.0943959,0.056375023,2.524750477
117.2564393,0.055829864,2.525697266
116.4746106,0.058469002,2.521117261
116.2210812,0.059329638,2.519625575
116.3016806,0.059055776,2.520100143
116.1758829,0.059483319,2.519359307
115.7596499,0.060902144,2.516902429
115.9538327,0.060239424,2.518049702
116.5023664,0.058374926,2.521280373
116.7034101,0.05769435,2.522460704
116.8140005,0.057320611,2.523109131
116.7400959,0.057570321,2.522675872
116.439374,0.058588475,2.520910131
116.8456328,0.057213792,2.52329449
116.9624291,0.056819702,2.523978467
117.0877194,0.056397505,2.524711439
117.1002322,0.056355371,2.524784599
117.4502103,0.055179217,2.526827747
117.5303741,0.054910439,2.527294895
117.6105033,0.054642009,2.527761528
117.5993473,0.054679367,2.52769658
117.8835392,0.053729085,2.529349214
118.1195276,0.052942187,2.530718562
117.965509,0.053455532,2.529825158
118.0244439,0.053259001,2.530167152
118.4066801,0.051987363,2.532381173
118.5344806,0.051563351,2.533119864
118.4506271,0.051841492,2.532635277
118.9193515,0.050289925,2.535339712
118.7688631,0.050787225,2.534472571
119.0702433,0.04979209,2.536208097
119.2312517,0.049261758,2.537133511
119.4432281,0.048564926,2.53835
118.4969,0.051687975,2.532902728
118.0276548,0.053248297,2.53018578
117.8107271,0.053972277,2.52892617
116.7521258,0.05757983,2.525359419
116.6706746,0.057855028,2.524881669
116.6938139,0.057776823,2.525017425
116.5139603,0.058385202,2.523961542
115.7997478,0.06081292,2.519752666
116.1364149,0.05966618,2.521739828
116.1639508,0.059572575,2.521902107
115.7443999,0.061001848,2.519425434
115.5437827,0.061687608,2.518238036
115.8614459,0.060602451,2.520117261
115.8895642,0.060506579,2.520283358
115.4817301,0.061900024,2.517870354
115.2264539,0.062775404,2.516355708
114.9000817,0.06389817,2.514414405
115.0177345,0.063492962,2.515114844
115.2452701,0.062710797,2.516467463
115.2665839,0.06263763,2.516594032
114.9768462,0.063633726,2.514871498
115.3354168,0.062401454,2.517002627
115.2451603,0.062711173,2.516466812
115.495599,0.061852536,2.517952549
116.1604966,0.059584315,2.521881752
116.1124831,0.059747556,2.521598759
115.9703463,0.060231308,2.520760325
115.3285833,0.062424893,2.516962074
114.9245735,0.063813774,2.514560274
115.1870594,0.062910713,2.516121672
115.3151499,0.062470974,2.516882347
115.6394049,0.061360559,2.51880425
116.0195209,0.060063861,2.521050509
116.1657097,0.059566596,2.521912471
116.2440522,0.059300439,2.522373957
116.1943131,0.059469394,2.522080998
116.5632832,0.058218243,2.524251266
116.7555626,0.057568224,2.52537957
116.9485253,0.056917257,2.526510048
117.0145611,0.056694795,2.526896499
117.11051,0.056371845,2.527457625
117.07327,0.056497149,2.527239893
116.7272436,0.057663873,2.525213508
116.4827723,0.058490821,2.523778281
116.5294591,0.058332729,2.524052596
116.3164159,0.059054796,2.522799952
116.0373989,0.060003006,2.52115598
115.9986586,0.060134889,2.520927414
115.9491539,0.060303499,2.520635229
115.9314791,0.06036372,2.52053088
116.3571317,0.058916668,2.523039526
116.4940968,0.058452466,2.52384483
116.5443863,0.058282199,2.52414028
116.016632,0.060073696,2.521033465
115.6915926,0.06118221,2.519113079
115.6155026,0.061442278,2.51866276
115.2841228,0.062531019,2.514084902
114.986059,0.063556359,2.512313019
114.7687735,0.064305948,2.511018483
114.6829585,0.064602487,2.510506553
114.6636941,0.064669095,2.51039158
114.6331243,0.064774821,2.510209094
115.080684,0.063230485,2.51287602
115.1860215,0.062868117,2.513502223
115.2939156,0.062497389,2.51414304
115.2608312,0.062611022,2.513946604
115.1851436,0.062871135,2.513497006
115.4967152,0.061801752,2.515345936
115.7080701,0.061078415,2.516597367
115.9898662,0.060116602,2.518262387
115.9361993,0.060299547,2.517945598
116.0134869,0.060036115,2.518401772
116.3603008,0.058856747,2.520445094
116.3861047,0.058769176,2.520596883
116.4510943,0.058548731,2.520979032
116.6947431,0.057723659,2.522409862
116.2964739,0.05907346,2.520069496
116.2552968,0.059213351,2.519827075
116.4051155,0.058704675,2.520708692
116.1532623,0.059560261,2.519226008
116.1741888,0.059489081,2.519349325
116.1455904,0.05958636,2.519180793
116.6219759,0.057969843,2.521982844
116.7203487,0.057637077,2.52256006
116.8528212,0.057189523,2.523336606
116.8617041,0.057159536,2.523388646
116.6037286,0.058031608,2.521875723
116.5729966,0.058135658,2.521695272
117.2229455,0.055942468,2.525501674
117.0667299,0.056468194,2.524588701
117.0655917,0.056472028,2.524582044
117.1011023,0.056352442,2.524789686
117.0091923,0.056662055,2.524252131
116.9463243,0.056874012,2.523884195
116.9772671,0.056769672,2.524065312
117.1814798,0.05608193,2.525259451
117.1711065,0.056116828,2.525198843
117.2440888,0.055871381,2.525625149
118.1931837,0.052696989,2.531145409
118.3978095,0.052016815,2.532329872
118.1136674,0.052961703,2.53068459
117.9993059,0.053342814,2.530021299
118.1378253,0.052881257,2.530824624
118.0289793,0.053243882,2.530193464
118.0653921,0.053122524,2.530404673
117.5959424,0.05469077,2.527676756
117.3748398,0.055432135,2.526388245
117.6501999,0.054509113,2.527992586
117.7169817,0.054285668,2.528381123
117.5240351,0.054931684,2.527257966
117.6015967,0.054671834,2.527709676
117.8223002,0.05393361,2.528993428
117.5680491,0.0547842,2.527514334
117.434579,0.055231654,2.52673662
117.2464103,0.055863577,2.525638706
117.4675806,0.055120957,2.526928997
117.3676086,0.055456412,2.526346064
117.4439813,0.055200112,2.526791434
117.5807128,0.054741779,2.527588079
117.6025322,0.054668701,2.527715123
117.6973253,0.054351419,2.528266785
117.7380793,0.054215111,2.528503825
117.7463825,0.054187347,2.528552109
117.8479097,0.053848063,2.529142236
117.997125,0.053350086,2.530008644
117.8809746,0.053737647,2.529334317
117.8603352,0.053806565,2.529214425
117.8045146,0.053993036,2.528890063
118.0428716,0.053197576,2.530274052
118.2364329,0.052553105,2.531395922
118.3110535,0.05230501,2.531827936
119.0189292,0.0499613,2.535912905
119.5442792,0.048233291,2.538929165
120.093919,0.046435642,2.542070982
120.2690723,0.045864972,2.543069217
120.7695737,0.044240057,2.545913831
121.4758469,0.04196152,2.549908334
121.9802179,0.040344575,2.552747006
122.0752835,0.040040754,2.553280758
122.0948376,0.039978298,2.553390496
121.9711124,0.040373691,2.552695861
121.08462,0.043221597,2.547698478
120.7740426,0.044225587,2.545939178
120.4923084,0.045139165,2.544339419
120.4161269,0.045386662,2.54390621
121.0804765,0.04323497,2.547675036
121.035149,0.043381302,2.547418541
121.1065959,0.04315068,2.547822795
120.3772441,0.045513061,2.543684997
120.5060912,0.045094409,2.544417766
120.4133461,0.045395701,2.543890391
120.4993691,0.045116236,2.544379556
120.469569,0.04521302,2.544210138
120.5875551,0.044830007,2.544880664
120.1013252,0.04641149,2.54211322
119.8576427,0.047207128,2.540722128
119.4964413,0.048390244,2.538655047
119.1031264,0.049683705,2.536397196
118.6667449,0.051125137,2.533883532
119.0891686,0.049729706,2.536316936
119.2673516,0.049142975,2.537340831
119.1743656,0.049449026,2.536806692
119.2303645,0.049264677,2.537128415
119.5083934,0.048351022,2.538723544
119.3602422,0.04883754,2.537874014
119.2290377,0.049269044,2.537120794
119.1177798,0.049635419,2.536481446
118.7534039,0.050838356,2.534383431
118.5670116,0.051455513,2.533307769
118.1258687,0.05292107,2.530755319
118.1193401,0.052942811,2.530717475
117.4842747,0.055064975,2.527026292
117.2854419,0.055732392,2.525866587
117.3428954,0.055539392,2.526201887
117.0806296,0.05642138,2.524669983
117.3498352,0.055516088,2.526242377
117.3522013,0.055508143,2.526256181
117.6837894,0.054396706,2.528188037
117.7476102,0.054183242,2.528559248
117.4102322,0.055313345,2.52659466
117.2008991,0.056016609,2.5253729
116.8316909,0.057260868,2.5232128
117.1559711,0.056167754,2.5251104
117.3856747,0.055395765,2.526451443
117.0206898,0.056623307,2.524319399
117.1382453,0.056227407,2.525006808
117.1992324,0.056022215,2.525363164
117.2698563,0.055784769,2.525775601
117.1950892,0.056036151,2.52533896
116.8190733,0.057303478,2.52313886
116.6004169,0.058042819,2.521856279
116.4016756,0.058716346,2.520688462
116.3958611,0.058736073,2.520654266
116.8025625,0.057359245,2.523042095
116.8579559,0.057172188,2.523366688
116.6100695,0.058010143,2.521912949
116.3514466,0.0588868,2.520393003
116.1156774,0.059688144,2.519004471
116.3459302,0.058905526,2.520360546
115.9732051,0.060173386,2.518164054
115.5438342,0.061640348,2.515625122
115.5421486,0.061646121,2.515615136
115.1865407,0.062866332,2.513505308
114.9176758,0.063792073,2.511905868
114.7376606,0.064413428,2.510832923
114.7515038,0.064365601,2.510915491
114.4636785,0.065361502,2.509196722
114.2440963,0.066123414,2.507882609
114.3157815,0.065874475,2.50831189
114.6589858,0.064685376,2.510363477
114.729545,0.064441469,2.510784512
114.7105103,0.064507249,2.510670955
114.8136207,0.064196286,2.513899215
114.7837687,0.06429928,2.513721249
114.7367293,0.064461644,2.513440726
115.3111077,0.062484842,2.516858355
115.3911067,0.062210504,2.51733303
115.364625,0.06230129,2.517175936
114.8277902,0.06414741,2.513983673
114.1656141,0.066439697,2.510025775
113.8854553,0.067414618,2.508344427
113.8257258,0.067622863,2.507985439
114.1466922,0.066505447,2.509912345
114.5357549,0.065156291,2.512240923
114.8777525,0.063975133,2.514281391
115.1133606,0.063164004,2.515683628
115.0377539,0.063424066,2.515233958
115.1512052,0.063033912,2.515908599
115.5150174,0.061786058,2.518067617
115.4102865,0.062144768,2.517446785
115.2377814,0.062736508,2.516422988
115.4883981,0.061877192,2.517909873
115.7015141,0.061148315,2.519171775
115.8171372,0.060753586,2.519855445
115.5749784,0.061580874,2.518422808
115.7347023,0.061034962,2.519368083
115.8082816,0.0607838,2.519803107
116.0518385,0.059953863,2.521241153
116.0794562,0.059859894,2.52140403
116.1230056,0.059711773,2.521660789
116.2457719,0.059294599,2.522384083
116.324897,0.059026019,2.522849862
116.6292947,0.057994931,2.524638831
116.8118513,0.057378191,2.525709529
116.7170683,0.057698249,2.525153831
116.5479489,0.05827014,2.524161205
116.4459267,0.058615645,2.523561714
116.7251693,0.057670881,2.525201343
116.8383024,0.057288931,2.525864528
117.2459472,0.055916553,2.528248915
117.8826685,0.053785012,2.531956953
118.0209123,0.053324141,2.532759433
118.728527,0.050975785,2.536852599
118.9989282,0.05008308,2.538410396
119.9138027,0.047081636,2.543655375
120.0420649,0.04666316,2.54438756
119.8337997,0.047342946,2.543198288
119.7755497,0.047533343,2.542865296
120.1293045,0.04637885,2.544885129
120.0124872,0.046759612,2.544218784
119.7934729,0.047474746,2.542967773
120.1133696,0.046430762,2.544794271
120.7284985,0.044433134,2.548293057
120.6786968,0.044594386,2.548010442
121.0498092,0.043333967,2.547501509
121.397674,0.042212892,2.549467331
121.1647323,0.04296315,2.548151564
121.5250747,0.041803329,2.550185903
121.2080465,0.042823506,2.548396412
120.8851719,0.04386597,2.546569192
121.2515645,0.042683268,2.548642324
121.084056,0.043223418,2.547695287
121.3697156,0.042302844,2.54930954
120.9116261,0.043780425,2.546719082
120.8005643,0.044139724,2.546089586
120.924146,0.043739947,2.546790009
121.3122383,0.042487851,2.548985037
121.5591383,0.041693915,2.550377906
121.8780981,0.040671274,2.552173192
121.4780534,0.041954428,2.549920778
121.1536308,0.042998951,2.548088796
121.4658725,0.041993582,2.54985208
121.7383229,0.041119001,2.551387026
121.9150796,0.040552924,2.552381046
122.1458252,0.039815503,2.553676557
122.2488244,0.039486904,2.554254066
122.5094979,0.038656838,2.555713515
122.5463077,0.038539803,2.555919359
122.7107415,0.03801754,2.556838149
122.6124354,0.038329667,2.556288999
124.2779363,0.033083878,2.565534914
124.9539965,0.030979782,2.569253408
125.0955157,0.030541152,2.570029303
125.3825828,0.029653327,2.571600542
125.1904551,0.030247244,2.570549337
125.2852953,0.029953924,2.571068442
125.4235878,0.029526718,2.571824692
126.1547738,0.027277815,2.575809648
126.5160676,0.02617265,2.577770355
125.1679491,0.030316892,2.570426094
124.4101432,0.032671276,2.56626364
124.4681389,0.032490453,2.566583074
124.5129872,0.032350695,2.566829994
124.2170597,0.033274052,2.565199106
124.0215723,0.03388554,2.564119664
123.8491224,0.034425978,2.563166046
123.9580444,0.034084519,2.563768517
124.5328931,0.032288684,2.566939561
124.9195358,0.031086685,2.569064344
124.2321651,0.033226853,2.565282445
124.15138,0.033479364,2.564836622
124.5335352,0.032286684,2.566943094
124.4130324,0.032662266,2.566279557
124.5350304,0.032282027,2.566951324
124.308186,0.032989423,2.565701718
123.4981517,0.035528819,2.561221212
122.76065,0.037859199,2.557116778
122.4319201,0.038903636,2.555279494
122.3689127,0.039104227,2.554926791
122.6926513,0.038074954,2.556737126
123.1045835,0.036770233,2.559033878
123.3250823,0.036074108,2.560260187
123.5802366,0.035270533,2.561676554
123.7706501,0.034672215,2.562731677
123.8137172,0.034537051,2.5629701
123.4501743,0.035679885,2.560954935
123.6969336,0.034903709,2.562323386
123.8831669,0.034319211,2.563354409
124.1153884,0.03359193,2.564637905
124.466677,0.03249501,2.566575024
124.9157506,0.03109843,2.569043573
124.9941509,0.030855262,2.569473647
125.0927246,0.030549797,2.570014009
125.5942117,0.029000454,2.572756622
125.8836875,0.02810967,2.574334875
126.7266108,0.025530452,2.578910426
126.9388504,0.024884441,2.580057808
127.6382167,0.022765328,2.583825388
127.4458414,0.023346771,2.582791055
127.2814214,0.023844599,2.581905816
127.2895106,0.023820088,2.581949394
127.9380103,0.021861418,2.585434235
127.6557176,0.022712487,2.583919409
128.0558353,0.021506894,2.586065535
128.3818625,0.02052805,2.587809414
128.8493181,0.019130045,2.590302233
128.8094818,0.019248933,2.590090142
127.6980184,0.022584805,2.58414661
127.4708657,0.023271074,2.582925688
128.6515028,0.019720863,2.589248417
128.4532657,0.020314092,2.588190762
128.4751458,0.020248558,2.588307578
127.9345837,0.021871734,2.585415867
127.6220154,0.022814252,2.583738338
127.7775919,0.022344764,2.584573807
128.2764674,0.020844138,2.587246143
128.4104566,0.02044235,2.587962153
128.8124502,0.019240072,2.590105947
128.8184095,0.019222285,2.590137679
128.3794951,0.020535146,2.587796766
128.5051261,0.020158787,2.588467608
128.8427192,0.019149736,2.590267104
128.6803345,0.01963468,2.58940211
128.7375916,0.0194636,2.58970723
128.9552056,0.018814259,2.590865675
129.0481606,0.01853731,2.591359928
129.2753313,0.017861538,2.59256636
129.6595684,0.016721936,2.59460221
129.6579315,0.016726782,2.594593549
128.7209263,0.019513385,2.589618435
128.9236854,0.018908227,2.590697999
129.2728568,0.017868891,2.592553229
129.0264483,0.018601977,2.591244512
128.7538354,0.019415082,2.589793768
128.856131,0.019109717,2.590338499
129.1795766,0.0181462,2.59205809
129.5455508,0.017059654,2.593998712
129.8237004,0.016236436,2.595470054
130.1873273,0.015163584,2.597388907
130.2858236,0.014873628,2.597907769
130.5260816,0.014167508,2.599171801
130.9369799,0.012963661,2.601328336
130.6134307,0.013911194,2.599630793
130.3755724,0.014609664,2.598380217
130.167433,0.015222183,2.597284061
129.9630157,0.01582495,2.596205838
129.510224,0.017164368,2.593811622
128.9949995,0.018695666,2.591077307
128.4163735,0.02042462,2.587993756
128.3477381,0.020630356,2.58762709
128.1224657,0.021306592,2.586422285
127.9223809,0.021908476,2.58535045
127.6202646,0.02281954,2.583728931
127.7359182,0.022470453,2.584350111
128.5412229,0.020050736,2.588660238
128.7631064,0.019387394,2.589843154
128.7695634,0.019368112,2.589877548
129.1766061,0.018155035,2.592042316
128.7344997,0.019472836,2.589690757
128.0864711,0.021414781,2.586229587
128.209878,0.021044014,2.586890031
128.2742969,0.020850651,2.587234538
127.8068072,0.02225668,2.584730586
127.7712959,0.022363749,2.584540016
128.2677288,0.020870361,2.58719942
127.8624256,0.022089062,2.585028956
127.5752798,0.022955429,2.583487167
128.0229797,0.021605712,2.585889554
128.2321913,0.020977024,2.58700938
128.1658871,0.02117613,2.586654674
128.0596036,0.021495562,2.586085716
128.2111997,0.021040046,2.586897101
128.8225354,0.01920997,2.590159647
128.7564301,0.019407333,2.58980759
128.3407902,0.02065119,2.587589962
128.3371207,0.020662194,2.587570352
128.5765776,0.019944943,2.588848856
128.6649921,0.019680538,2.589320328
128.7854258,0.019320748,2.589962034
128.7921845,0.019300569,2.589998029
129.4234878,0.017421618,2.593352055
129.4188303,0.017515683,2.595937697
129.43261,0.017474828,2.596010727
128.9077497,0.01903485,2.59322366
128.1256927,0.021374245,2.58905019
127.5896139,0.022988263,2.586174968
127.1815281,0.024222666,2.583978291
126.8023805,0.02537402,2.581931193
126.3909689,0.026628274,2.579703106
125.6932912,0.028767077,2.5759084
125.8794668,0.028194874,2.576923033
125.9942664,0.027842573,2.577547944
125.6641302,0.028856799,2.575749343
125.3596727,0.029795121,2.574086535
125.1559743,0.030424517,2.572971817
125.3918086,0.029695944,2.574262233
125.6021286,0.029047652,2.575411039
126.0969777,0.027527714,2.57810658
126.0591498,0.027643637,2.57790089
125.8494971,0.028286912,2.576759801
125.5180099,0.029306775,2.574951794
126.0427916,0.02769378,2.577811923
126.3859459,0.02664362,2.579675859
126.5551792,0.026127036,2.580593273
126.4433819,0.026468199,2.579987354
126.5457997,0.026155644,2.580542458
126.3973682,0.026608726,2.579737817
126.5334569,0.026193294,2.580475583
126.4979242,0.026301709,2.580283028
126.2775215,0.026975043,2.579087458
126.0114757,0.027789796,2.577641574
126.4724124,0.026379572,2.580144744
126.4427052,0.026470265,2.579983685
126.3818764,0.026656052,2.579653784
126.1074811,0.027495534,2.578163681
125.5848911,0.029100733,2.575316956
125.4349769,0.02956277,2.57449818
125.1314578,0.030500356,2.572837533
124.9671846,0.031009002,2.571937096
125.299815,0.029979938,2.573759154
125.1600402,0.030411941,2.572994084
125.027829,0.030821128,2.572269644
124.8438286,0.03139151,2.571260179
124.5861178,0.032192174,2.569843869
124.4649785,0.032569256,2.569177128
124.5032125,0.032450191,2.569387633
124.426162,0.032690182,2.56896335
124.2798768,0.033146336,2.568157113
124.3575874,0.032903931,2.568585523
124.0262254,0.033938894,2.566756929
123.6871199,0.035001667,2.564880639
123.4028519,0.035895415,2.563303879
123.1229799,0.036777887,2.561748018
122.8994814,0.037419166,2.557891263
122.5945519,0.038386482,2.556189053
122.6018323,0.038363351,2.556229743
122.9229167,0.037344949,2.558021915
123.218733,0.036409661,2.559668992
123.5078963,0.035498146,2.561275283
123.3432508,0.036016819,2.560361136
123.3503101,0.035994562,2.560400356
123.2559594,0.036292162,2.559875991
123.4634446,0.035638093,2.561028596
123.4612549,0.035644989,2.561016441
123.7511893,0.034733312,2.562623913
123.5424509,0.035389402,2.561466986
123.2156956,0.03641925,2.5596521
123.445756,0.0356938,2.560930407
123.4257573,0.035756794,2.56081938
123.1010058,0.036781541,2.559013963
122.8465505,0.037586859,2.557596084
122.620494,0.038304068,2.556334031
122.4349141,0.038894108,2.555296249
122.1636366,0.039758654,2.553776458
121.9924206,0.04030556,2.552815541
122.2342693,0.039533318,2.554172486
122.3147684,0.039276706,2.554623559
122.7676034,0.037837145,2.557155588
122.7992226,0.037736878,2.557332045
122.6385127,0.038246839,2.556434712
122.4569871,0.038823869,2.555419765
122.0579269,0.040096202,2.553183339
121.7517298,0.041076028,2.551462472
121.5943233,0.041580939,2.550576174
121.5362933,0.04176729,2.550249144
121.2469817,0.042698033,2.548616432
120.968831,0.043595522,2.547043097
120.9136839,0.043773771,2.54673074
121.0304876,0.043396354,2.547392158
121.297351,0.042535789,2.548900963
121.1208411,0.043104719,2.547903368
121.080454,0.043235043,2.547674909
121.1506608,0.04300853,2.548072002
121.1655187,0.042960614,2.54815601
121.2547459,0.042673018,2.548660298
121.3850788,0.042253412,2.549396251
121.2174308,0.042793259,2.548449448
121.3443088,0.042384609,2.549166118
121.0645481,0.043286384,2.547584912
120.6807538,0.044527795,2.545409866
120.4809434,0.045176075,2.544274808
120.3280726,0.045672979,2.54340515
120.2658754,0.045875379,2.54305101
120.1963352,0.04610183,2.542654847
120.0595256,0.046547823,2.541874799
120.2867046,0.045807582,2.543169628
120.1827714,0.046146019,2.542577549
119.9116241,0.047030699,2.541030527
119.7502162,0.047558532,2.540107988
119.5557252,0.048195749,2.538994737
119.6180379,0.047991449,2.539351603
119.4949028,0.048395293,2.538646229
119.4030239,0.048696969,2.53811944
119.2698856,0.049134639,2.537355381
119.36193,0.048831993,2.537883698
119.4063987,0.048685883,2.538138796
119.2832509,0.049090675,2.53743212
119.3185454,0.048974607,2.537634729
119.0598772,0.049826265,2.536148474
118.6556765,0.051161785,2.533819657
118.6132757,0.051302215,2.533574912
118.7097376,0.050982828,2.534131584
118.9075753,0.050328811,2.535271894
118.9980296,0.050030244,2.535792641
119.1518231,0.049523268,2.536677139
119.4458372,0.048556359,2.53836496
119.526693,0.048290981,2.538828406
119.5639296,0.048168843,2.539041734
119.7431328,0.047581716,2.540067474
119.8666181,0.047177786,2.540773415
119.9091955,0.047038634,2.541016655
119.8684389,0.047171834,2.540783818
120.0620783,0.046539496,2.541889362
120.3688088,0.045540489,2.543636998
120.3891529,0.045474343,2.543752756
119.8169738,0.047340113,2.540489694
119.8049978,0.047379285,2.540421233
119.8114037,0.047358332,2.540457854
120.1948234,0.046106755,2.542646231
120.1111594,0.046379424,2.542169302
120.0792436,0.046483504,2.541987279
120.1708565,0.046184841,2.542509641
120.4970872,0.045123646,2.544366584
120.6647774,0.04457958,2.545319177
120.3487511,0.045605717,2.54352285
120.2991489,0.045767085,2.543240486
120.0479483,0.046585594,2.541808749
120.0903218,0.046447373,2.542050466
119.9147366,0.04702053,2.541048305
119.6901854,0.047755073,2.539764566
119.5303697,0.048278919,2.538849473
119.482741,0.048435208,2.538576522
119.6911497,0.047751915,2.539770084
119.7504809,0.047557665,2.540109502
119.9006263,0.047066635,2.540967707
120.4680528,0.045217945,2.544201518
120.6449957,0.044643712,2.545206872
120.6620142,0.044588538,2.545303491
120.6233396,0.044713935,2.545083904
120.6196749,0.04472582,2.545063092
120.4060535,0.045419404,2.543848907
120.1434962,0.046274007,2.542353678
120.3274977,0.045674849,2.543401878
120.4507843,0.045274043,2.544103324
120.4190396,0.045377196,2.543922777
120.3087721,0.045735772,2.543295276
120.0975582,0.046423774,2.542091737
119.8210553,0.047326765,2.540513024
119.5742635,0.048134955,2.539100925
119.319881,0.048970215,2.537642395
119.0416848,0.049886251,2.536043825
119.3299829,0.048937003,2.537700373
119.5165965,0.048324106,2.538770552
119.4216132,0.048635909,2.538226054
119.4404928,0.048573908,2.538334316
119.6276394,0.047959981,2.539406575
120.1598121,0.046220831,2.542446688
120.5877955,0.044829227,2.54488203
120.6561171,0.044607655,2.545270013
121.3663006,0.042313833,2.549290263
121.7291632,0.041148364,2.551335477
121.7657324,0.041031152,2.55154126
122.132899,0.039856766,2.553604047
122.3131669,0.039281809,2.554614588
122.0496913,0.040122515,2.553137109
122.1741898,0.039724976,2.553835643
122.1114154,0.039925359,2.553483517
121.6597588,0.041370942,2.550944753
122.1478684,0.039808981,2.553688018
122.8333401,0.037628725,2.557522395
122.7969662,0.037744032,2.557319455
123.4337879,0.035731497,2.560863965
123.8437001,0.034442986,2.563136041
124.9109183,0.031113424,2.569017057
125.1132948,0.030486091,2.570126718
125.3360744,0.029796991,2.571346222
124.8299315,0.03136483,2.5685725
124.7246517,0.031691955,2.567994171
124.4704101,0.032483374,2.566595581
125.5876298,0.029020738,2.572720695
126.1550534,0.027276958,2.575811168
126.8232498,0.025236135,2.579433096
127.8316672,0.022181748,2.584863966
127.6327402,0.022781864,2.583795964
128.2840521,0.02082138,2.587286694
128.4132305,0.020434038,2.587976969
127.9775616,0.021742366,2.585646212
128.3074321,0.020751239,2.587411677
129.4065032,0.017472018,2.593262028
129.4902756,0.017223513,2.593705953
129.8054805,0.016371395,2.597984005
129.0081797,0.018735727,2.593757812
128.8092112,0.019328626,2.592699172
128.7222286,0.019588185,2.592235866
128.2737109,0.020930094,2.589842002
127.2766265,0.02393456,2.58449081
127.0660278,0.024572945,2.583355314
127.2040779,0.024154325,2.584099853
126.8723085,0.025161344,2.5823092
126.8694017,0.025170182,2.58229349
126.2038904,0.027200318,2.578687593
126.6575948,0.025814836,2.581147884
125.3486651,0.0298291,2.574026343
125.2068367,0.030267239,2.573250322
125.6613601,0.028865323,2.575734232
126.2883619,0.026941891,2.579146309
126.702003,0.025679563,2.581388231
126.5652367,0.026096363,2.580647756
125.9594191,0.027949471,2.577358312
126.353254,0.026743512,2.579498498
126.581765,0.026045962,2.580737285
126.7319638,0.025588332,2.581550339
127.1575481,0.024295357,2.583848995
127.1403076,0.02434763,2.583756022
127.5015785,0.023254136,2.585701666
127.5379466,0.023144274,2.585897229
128.6702215,0.019743481,2.591958708
127.7231769,0.022585334,2.586892428
128.8213825,0.019292324,2.592763977
129.4373246,0.017460851,2.596035712
128.8906348,0.019085855,2.593132591
129.3012762,0.017864437,2.595314368
129.2047159,0.018151208,2.594801944
129.9655496,0.015898928,2.598829411
130.4293324,0.014534137,2.601273149
131.025836,0.012787746,2.604403755
131.0261213,0.012786913,2.604405249
132.1021815,0.009661712,2.610017623
132.2052935,0.009363928,2.610553075
132.8098944,0.007623724,2.613684529
132.2474834,0.009242169,2.610772045
132.4303177,0.008715079,2.61172019
132.3256543,0.009016699,2.611177581
132.6762285,0.00800759,2.612993423
132.438341,0.00869197,2.611761768
131.9618997,0.010067312,2.609288496
131.6701819,0.010912503,2.607769841
131.7378132,0.010716346,2.608122216
131.7740461,0.010611308,2.608310925
131.3942534,0.011714121,2.606330355
131.7582215,0.010657179,2.608228513
131.5081493,0.011382978,2.606924894
131.864031,0.010264988,2.60616963
131.8825659,0.010211276,2.606266084
132.0533202,0.009716899,2.607154057
131.7107761,0.010709466,2.605371593
131.903308,0.01015118,2.606374009
131.6414639,0.010910703,2.605010368
131.6662259,0.010838795,2.605139438
131.4100143,0.011583648,2.603802809
131.702625,0.010733125,2.605329122
131.5602052,0.011146795,2.604586647
131.183958,0.012242355,2.602621381
130.816434,0.013316342,2.600696355
129.7281455,0.016518992,2.59496494
130.1280766,0.015338141,2.597076599
130.4610737,0.014358405,2.598830009
130.8024874,0.013357172,2.600623202
131.2833022,0.011952699,2.603140824
131.0420953,0.012656459,2.601878955
130.9457079,0.012938142,2.601374071
130.4925809,0.014265868,2.598995685
130.184154,0.01517293,2.597372184
130.4279122,0.01445583,2.598655592
130.8680093,0.013165398,2.600966816
130.879597,0.013131495,2.601027568
131.2909994,0.011930268,2.603181055
131.3060586,0.011886387,2.603259757
131.0757697,0.012558111,2.602055258
131.0953592,0.012500913,2.602157799
131.3245939,0.011832387,2.603356614
131.4388094,0.011499844,2.603953157
131.2223249,0.012130456,2.602822037
131.1063168,0.012468923,2.60221515
131.0983381,0.012492216,2.602173391
131.347724,0.011765014,2.603477462
131.5406063,0.011203765,2.604484412
131.8443886,0.01032192,2.606067397
131.9890649,0.00990284,2.606820042
132.0072033,0.009850339,2.606914346
131.8053815,0.01043501,2.605864334
131.5263776,0.011245133,2.604410179
131.0720309,0.012569029,2.602035686
130.577566,0.014016408,2.599442371
130.8091087,0.013337787,2.600657933
131.1150961,0.012443295,2.602261097
131.3041766,0.011891871,2.603249922
131.4039848,0.011601199,2.603771323
131.5325905,0.011227069,2.604442593
131.45067,0.011465333,2.604015076
131.2974714,0.011911409,2.60321488
131.4203582,0.011553541,2.603856821
131.5493289,0.011178409,2.604529914
131.2324165,0.012101031,2.602874805
131.1068167,0.012467464,2.602217766
130.7883866,0.013398459,2.600549231
130.7130626,0.013619101,2.600153962
130.5224518,0.014178164,2.599152721
130.7657442,0.013464767,2.600430437
130.7760253,0.013434657,2.600484379
130.8846092,0.013116832,2.601053844
131.4509731,0.011464451,2.604016658
131.5626495,0.01113969,2.604599397
131.8830288,0.010209935,2.606268493
131.8333466,0.010353929,2.606009921
131.8591377,0.01027917,2.606144163
132.0498094,0.009727055,2.607135811
132.0014564,0.009866973,2.606884469
132.2450954,0.009162619,2.608150009
132.5723343,0.008219147,2.609846217
132.5496254,0.008284525,2.60972864
132.5422825,0.008305667,2.609690617
132.7181103,0.007799799,2.610600515
132.6939999,0.007869117,2.610475815
132.994945,0.007005034,2.612030735
133.1026081,0.006696507,2.612586174
133.2385631,0.006307352,2.613286945
133.2222379,0.006354055,2.613202835
133.2702133,0.006216829,2.613449984
133.0699687,0.006790008,2.612417832
133.2055801,0.006401716,2.613117
133.4401727,0.005731189,2.614324845
133.6052309,0.005260297,2.615173437
133.808204,0.004682242,2.616215554
133.8445064,0.004578971,2.616401778
133.8890492,0.004452306,2.616630205
133.7347055,0.004891433,2.615838372
133.9451354,0.004292892,2.616917725
133.535226,0.005459923,2.614813655
133.1157848,0.006658768,2.612654122
133.1939919,0.006434877,2.613057283
133.0536196,0.006836853,2.612333494
132.6922378,0.007874183,2.6104667
132.2871575,0.009041184,2.608368263
132.2976012,0.00901104,2.608422443
132.1754175,0.009363889,2.607788312
132.2545196,0.009135407,2.608198916
132.4568043,0.0085519,2.609247846
132.3576841,0.008837679,2.608734063
132.4372275,0.008608321,2.609146401
132.1468148,0.009446549,2.607639782
131.5046375,0.011308349,2.604296745
131.5266976,0.011244202,2.604411849
131.9260238,0.010085378,2.606492185
132.0066806,0.009851852,2.606911629
132.0859448,0.009622533,2.607323587
132.4493577,0.00857336,2.609209261
132.0567003,0.00970712,2.607171623
131.7086955,0.010715505,2.605360752
131.6149488,0.010987721,2.604872134
131.796192,0.010461658,2.605816487
132.0858319,0.00962286,2.607323
132.2874605,0.009040309,2.608369835
132.5322589,0.008334532,2.60963871
132.6336363,0.008042731,2.610163514
132.7208903,0.007791808,2.610614892
132.8533386,0.007411312,2.611299513
133.1886769,0.006450087,2.613029891
133.3121026,0.006097063,2.613665709
133.3352841,0.006030804,2.613785062
133.4708069,0.005643737,2.614482418
133.0989115,0.006707095,2.61256711
133.14668,0.006570302,2.612813416
133.515044,0.005517499,2.614709898
133.4441751,0.005719761,2.614345434
133.3928326,0.005866379,2.614081272
133.8969094,0.00442996,2.616670507
134.4186707,0.002950297,2.61934058
134.5067928,0.002701105,2.619790539
134.4185333,0.002950686,2.619339877
134.5081403,0.002697296,2.619797417
134.5698747,0.002522847,2.620112465
134.5298117,0.002636046,2.619908028
134.5942559,0.002453979,2.620236849
134.3329608,0.003192865,2.61890266
134.3092495,0.003260005,2.618781464
134.0459385,0.004006589,2.617434186
134.1666999,0.003663957,2.618052404
134.1004565,0.003851859,2.617713349
134.4564628,0.002843403,2.619533584
134.4217578,0.002941564,2.619356347
134.3863059,0.00304187,2.619175249
134.3609352,0.003113673,2.619045621
134.351601,0.003140095,2.618997922
134.4441477,0.002878232,2.619470697
134.4738048,0.002794364,2.619622133
134.3722051,0.003081775,2.619103206
134.3478847,0.003150615,2.618978931
134.4166807,0.002955927,2.619330415
134.5189258,0.002666811,2.619852469
134.4969549,0.002728914,2.61974032
134.5303502,0.002634524,2.619910776
134.6463473,0.002306892,2.620502529
134.4868013,0.002757619,2.619688486
134.3805553,0.003058144,2.61914587
134.2797862,0.003343453,2.618630838
134.3347453,0.003187813,2.618911781
134.3000666,0.003286011,2.618734522
133.9770312,0.004292426,2.619690395
133.8,0.004795362,2.61878272
134.0373359,0.004121294,2.619999323
134.0682007,0.004033744,2.620157384
134.336826,0.003272839,2.621531537
134.4059199,0.003077435,2.621884553
134.4507151,0.002950816,2.622113327
134.4469872,0.002961352,2.622094291
134.501452,0.002807468,2.622372356
134.4601613,0.002924122,2.622161561
134.4617956,0.002919504,2.622169905
134.5865383,0.002567223,2.622806537
134.6003647,0.002528201,2.622877066
134.5180647,0.002760546,2.622457149
134.4481448,0.00295808,2.622100202
134.4564357,0.00293465,2.622142538
134.5587388,0.002645695,2.622664711
134.6728878,0.002323606,2.62324689
134.7681231,0.002055149,2.623732239
134.7903055,0.001992653,2.623845239
134.7346416,0.002149502,2.623561645
134.5658942,0.002625495,2.622701219
134.4662688,0.002906865,2.622192744
134.4986231,0.002815458,2.622357916
134.6335103,0.002434677,2.623046113
134.6894168,0.002276996,2.623331151
134.6458488,0.00239987,2.62310903
134.6003647,0.002528201,2.622877066
134.6549159,0.002374294,2.623155263
134.7239295,0.002179696,2.623507056
134.608381,0.00250558,2.622917954
134.4860028,0.00285111,2.622293493
134.4184853,0.003041912,2.621948733
134.4726376,0.00288887,2.622225261
134.5728611,0.002605828,2.622736763
134.7001252,0.002246803,2.623385735
134.5990286,0.002531972,2.622870251
134.664574,0.002347053,2.623204505
134.7097882,0.00221956,2.623434986
134.6709961,0.002328941,2.623237246
134.5164775,0.002765029,2.622449048
134.5602754,0.002641357,2.622672551
134.4948043,0.002826246,2.622338423
134.509519,0.002784682,2.622413533
134.5305954,0.002725158,2.6225211
134.5084721,0.002787639,2.622408189
134.3539142,0.003224501,2.62161886
134.4440737,0.002969586,2.622079414
134.3642847,0.003195168,2.62167185
134.3962912,0.003104658,2.621835368
134.5506198,0.002668617,2.622623284
134.4995694,0.002812785,2.622362747
134.3880102,0.003128073,2.621793065
134.4974863,0.002727412,2.619743033
134.5436683,0.002596889,2.619978743
134.6222625,0.002374889,2.620379703
134.6340096,0.002341723,2.620439612
134.6450103,0.002310666,2.620495711
134.6795051,0.002213303,2.62067159
134.7498773,0.002014772,2.621030261
134.6166423,0.002390759,2.620351038
134.4932244,0.00273946,2.619721276
134.4160811,0.002957623,2.619327352
134.1592462,0.003685094,2.618014261
134.12493,0.003782426,2.617838631
134.0268071,0.004060906,2.617336196
133.934587,0.004322868,2.616863659
133.5087978,0.00553532,2.614677782
133.5707573,0.005358586,2.614996287
133.5178834,0.005509398,2.614724496
133.7518315,0.004842676,2.615926278
133.7648104,0.004805731,2.61599289
133.7224111,0.00492644,2.615775259
133.7422615,0.004869921,2.615877157
133.5680671,0.005366257,2.614982461
133.3243034,0.006062188,2.613728529
133.344386,0.006004793,2.61383192
132.9864649,0.007029349,2.611986967
133.044125,0.006864061,2.612284511
133.4809591,0.005614761,2.61453463
133.6219012,0.005212779,2.615259085
133.7103367,0.004960824,2.61571327
133.5697288,0.005361518,2.614991001
133.6815315,0.005042868,2.615565365
133.8072292,0.004685015,2.616210553
133.8069294,0.004685868,2.616209015
133.7877956,0.004740314,2.616110842
133.7194179,0.004934963,2.615759893
133.7983855,0.004710179,2.616165179
133.832288,0.004613725,2.616339106
133.7029809,0.004981773,2.615675504
133.6018733,0.005269868,2.615156185
133.4821168,0.005611457,2.614540584
133.1934506,0.006436426,2.613054493
133.2060626,0.006400336,2.613119487
133.1811401,0.006471657,2.612991047
133.2702452,0.006216738,2.613450148
133.2702452,0.006216738,2.613450148
133.4694897,0.005647497,2.614475643
133.6598791,0.005104554,2.615454167
133.5595637,0.005390507,2.614938757
133.5492849,0.005419822,2.614885924
133.5479558,0.005423613,2.614879092
133.4916591,0.005584225,2.614589655
133.4258755,0.005772011,2.614251292
133.1985006,0.006421974,2.613080518
133.0429256,0.006867499,2.612278323
133.0466407,0.006856852,2.61229749
133.339344,0.006019202,2.613805964
133.2494527,0.006276204,2.613343044
133.1053571,0.006688633,2.61260035
133.14853,0.006565005,2.612822953
133.2481275,0.006279994,2.613336218
133.3594294,0.005961806,2.613909357
133.4721834,0.005639808,2.614489497
133.4449518,0.005717544,2.614349429
133.28184,0.006183582,2.613509867
133.1342799,0.006605805,2.612749486
132.9866606,0.007028788,2.611987977
133.0745239,0.006776957,2.612441328
133.0276914,0.006911161,2.612199722
132.9937646,0.007008419,2.612024643
133.0171703,0.006941318,2.612145432
132.9703644,0.007075519,2.611903861
132.8805009,0.007333339,2.611439831
133.140374,0.006588357,2.612780905
133.2410142,0.006300341,2.613299573
133.1037408,0.006693263,2.612592015
133.0022165,0.006984187,2.612068263
132.9144161,0.00723601,2.611614996
132.7359168,0.007748616,2.610692597
132.6698893,0.00793845,2.610351092
132.7037351,0.007841126,2.610526168
132.8120402,0.007529902,2.611086114
133.1027191,0.006696189,2.612586746
133.5956806,0.005287523,2.615124365
133.4602943,0.005673745,2.614428348
133.2138409,0.006378079,2.613159568
133.0090241,0.006964671,2.612103395
132.949315,0.00713589,2.611795196
132.9727111,0.007068789,2.611915975
133.1037312,0.00669329,2.612591965
132.943241,0.007153313,2.611763836
132.8100218,0.007535699,2.611075683
132.7598749,0.007679764,2.610816471
132.3855277,0.008757375,2.608878426
132.5546093,0.008270175,2.609754446
132.874958,0.007349249,2.611411199
133.352348,0.005982041,2.613872906
133.2747675,0.006203806,2.61347344
133.3956442,0.005858348,2.614095741
133.289627,0.006161317,2.61354997
132.8183078,0.007511902,2.611118504
132.6981305,0.00785724,2.61049718
132.8671371,0.007371699,2.611370799
132.6419959,0.008018682,2.610206772
132.6180746,0.008087505,2.610082981
132.8832252,0.00732552,2.611453903
133.0497181,0.006848033,2.612313367
133.2288298,0.006335196,2.613236798
133.2349275,0.006317752,2.613268215
133.3127812,0.006095123,2.613669203
133.2093797,0.006390844,2.61313658
133.0991108,0.006706524,2.612568138
132.8566022,0.007401942,2.611316374
132.9264491,0.007201485,2.611677133
132.8600071,0.007392167,2.611333964
132.8521542,0.007414712,2.611293394
132.621601,0.008077358,2.610101231
132.3755276,0.008786214,2.608826581
132.5976841,0.008146182,2.609977444
132.5097483,0.008399363,2.609522125
132.667053,0.007946607,2.610336418
132.8697437,0.007364217,2.611384264
132.5986982,0.008143264,2.609982693
132.4656112,0.008526521,2.609293478
132.6294969,0.00805464,2.610142093
132.5444505,0.008299425,2.609701843
132.5945741,0.008155133,2.609961346
132.6939645,0.007869218,2.610475632
132.7968807,0.007573445,2.611007765
132.6464241,0.008005943,2.610229686
132.5659526,0.008237518,2.609813177
132.5315825,0.008336479,2.609635207
132.7324931,0.007758456,2.610674893
133.0151994,0.006946968,2.612135262
133.0091469,0.006964319,2.612104028
133.0914484,0.006728472,2.612528621
132.9778942,0.007053925,2.611942729
132.7194743,0.007795878,2.610607569
132.2387391,0.009180974,2.608117021
132.0280597,0.009789984,2.607022765
132.0250074,0.009798816,2.6070069
131.9623092,0.009980299,2.606680913
131.9443437,0.010032321,2.606587476
131.9570144,0.00999563,2.606653376
131.7693034,0.010539645,2.605676466
131.7405204,0.010623149,2.605526549
131.5051168,0.011306955,2.604299246
131.8162443,0.010403512,2.60592089
132.1557506,0.009420722,2.607686187
132.3384547,0.008893152,2.608634345
132.4577632,0.008549136,2.609252815
132.7982809,0.007569423,2.611015003
133.0885554,0.006736759,2.6125137
132.8503913,0.007419774,2.611284286
132.8209442,0.00750433,2.611132129
132.5182827,0.008374782,2.609566328
132.2250854,0.009220405,2.608046157
132.2392133,0.009266033,2.610729128
132.3312444,0.009000582,2.611206573
132.7166519,0.007891449,2.6132025
132.9606084,0.007191481,2.614462965
132.8727718,0.007443318,2.614009395
132.6380897,0.008117208,2.612796106
132.5651176,0.008327053,2.612418419
132.8187369,0.007598347,2.613730224
132.8840289,0.007411031,2.614067541
132.4566747,0.008639171,2.611856767
132.3035367,0.009080476,2.611062863
132.4499937,0.00865841,2.61182215
132.7953512,0.007665466,2.613609368
133.0486897,0.006939152,2.614917506
132.9357102,0.007262845,2.614334426
133.4318971,0.005843809,2.616891621
133.5414005,0.005531536,2.617454717
133.1507718,0.006646977,2.61544393
133.0577101,0.006913322,2.614964039
133.0454373,0.006948465,2.614900727
133.1950264,0.006520401,2.615672022
133.0203544,0.007020302,2.614771315
132.9395672,0.007251789,2.61435434
132.8341471,0.007554126,2.613809852
132.7535046,0.007785607,2.613393054
132.8715799,0.007446737,2.614003238
132.790587,0.007679141,2.613584744
132.7788022,0.007712972,2.613523831
132.9367718,0.007259802,2.614339907
132.6268227,0.008149599,2.612737804
132.50237,0.008507613,2.612093488
132.6386265,0.008115665,2.612798884
132.4915938,0.008538632,2.61203767
132.6185244,0.008173457,2.61269486
132.3139242,0.009050522,2.611116743
131.6548552,0.010956974,2.607689961
131.3875053,0.011733752,2.606295114
131.3430139,0.011863214,2.60606272
131.3048953,0.011974176,2.605863552
130.8810966,0.01321058,2.603645407
130.8409206,0.013328052,2.603434763
130.8608273,0.01326984,2.603539143
131.0131816,0.01282469,2.604337486
131.0721447,0.012652586,2.604646212
131.0176133,0.012811751,2.604360695
130.9983101,0.012868113,2.604259599
131.0159835,0.01281651,2.60435216
131.1732713,0.012357641,2.605175387
130.9282244,0.013072839,2.603892419
131.1033644,0.012561501,2.604809621
130.8249547,0.013374748,2.603351036
130.5270014,0.014247502,2.601786698
130.4896426,0.014274497,2.598980236
130.8118026,0.0133299,2.600672063
130.806091,0.013346621,2.600642105
130.9351144,0.012969116,2.60131856
130.9850737,0.012823068,2.601580316
131.1759931,0.01226559,2.602579718
130.9372367,0.01296291,2.601329681
130.8327719,0.013268518,2.600782043
130.6856605,0.013699409,2.600010112
130.9296068,0.012985221,2.601289697
130.8873942,0.013108684,2.601068444
130.9838578,0.012826621,2.601573946
130.8996996,0.013072688,2.601132949
130.8062979,0.013346016,2.600643189
130.7846642,0.013409359,2.600529703
130.6870655,0.01369529,2.600017488
130.4811627,0.0142994,2.598935649
130.6150566,0.013906425,2.599639334
130.7105601,0.013626434,2.600140827
130.665458,0.013758629,2.599904038
130.7521432,0.013504605,2.600359069
130.7860922,0.013405177,2.600537195
130.8281651,0.013282002,2.600757883
130.8400932,0.01324709,2.600820437
130.8916465,0.013096245,2.601090735
131.054578,0.012619999,2.601944314
130.7886429,0.013397708,2.600550576
130.4976497,0.014250984,2.599022335
130.4085746,0.014512657,2.598553864
130.2861814,0.014872575,2.597909653
130.2308919,0.015035303,2.597618445
130.0525579,0.015560769,2.596678342
129.9214023,0.015947803,2.59598614
129.9371815,0.015901213,2.596069455
129.8498676,0.016159105,2.595608313
129.6558564,0.016732925,2.59458257
129.4930094,0.017215407,2.593720435
129.4503428,0.017341946,2.593494377
129.3369071,0.017678624,2.592893012
129.2771995,0.017855987,2.592576272
129.0575349,0.018509394,2.591409753
129.0081055,0.018656619,2.591146993
128.8469536,0.0191371,2.590289646
128.7334103,0.01947609,2.589684952
128.4834876,0.020223578,2.588352108
128.3634573,0.020583225,2.587711082
128.1529034,0.021215134,2.586585194
128.1837394,0.021122508,2.586750195