TimePeriod,0.50,1.00,2.00,5.00,10.00
1990-01-05,0.0790000,0.0782000,0.0791000,0.0791000,0.0798000
1990-01-12,0.0782000,0.0778000,0.0791000,0.0794000,0.0804000
1990-01-19,0.0801000,0.0797000,0.0816000,0.0817000,0.0824000
1990-01-26,0.0800000,0.0801000,0.0822000,0.0827000,0.0836000
1990-02-02,0.0813000,0.0809000,0.0831000,0.0839000,0.0847000
1990-02-09,0.0816000,0.0813000,0.0837000,0.0844000,0.0848000
1990-02-16,0.0805000,0.0805000,0.0830000,0.0836000,0.0839000
1990-02-23,0.0816000,0.0819000,0.0848000,0.0853000,0.0858000
1990-03-02,0.0814000,0.0814000,0.0843000,0.0844000,0.0850000
1990-03-09,0.0826000,0.0834000,0.0859000,0.0859000,0.0861000
1990-03-16,0.0832000,0.0842000,0.0870000,0.0868000,0.0865000
1990-03-23,0.0831000,0.0835000,0.0866000,0.0860000,0.0855000
1990-03-30,0.0827000,0.0834000,0.0861000,0.0857000,0.0856000
1990-04-06,0.0820000,0.0829000,0.0857000,0.0859000,0.0859000
1990-04-13,0.0821000,0.0829000,0.0855000,0.0860000,0.0862000
1990-04-20,0.0825000,0.0841000,0.0875000,0.0879000,0.0883000
1990-04-27,0.0838000,0.0857000,0.0895000,0.0901000,0.0902000
1990-05-04,0.0842000,0.0856000,0.0894000,0.0901000,0.0902000
1990-05-11,0.0817000,0.0836000,0.0868000,0.0879000,0.0881000
1990-05-18,0.0810000,0.0824000,0.0856000,0.0867000,0.0868000
1990-05-25,0.0815000,0.0822000,0.0854000,0.0864000,0.0866000
1990-06-01,0.0810000,0.0818000,0.0846000,0.0852000,0.0858000
1990-06-08,0.0802000,0.0808000,0.0833000,0.0841000,0.0846000
1990-06-15,0.0803000,0.0805000,0.0831000,0.0839000,0.0844000
1990-06-22,0.0807000,0.0814000,0.0841000,0.0847000,0.0852000
1990-06-29,0.0807000,0.0813000,0.0836000,0.0845000,0.0851000
1990-07-06,0.0802000,0.0806000,0.0825000,0.0836000,0.0844000
1990-07-13,0.0807000,0.0809000,0.0830000,0.0843000,0.0853000
1990-07-20,0.0788000,0.0787000,0.0812000,0.0831000,0.0847000
1990-07-27,0.0782000,0.0785000,0.0807000,0.0830000,0.0848000
1990-08-03,0.0767000,0.0767000,0.0788000,0.0812000,0.0837000
1990-08-10,0.0768000,0.0770000,0.0798000,0.0836000,0.0872000
1990-08-17,0.0776000,0.0773000,0.0800000,0.0839000,0.0871000
1990-08-24,0.0789000,0.0793000,0.0823000,0.0862000,0.0892000
1990-08-31,0.0783000,0.0785000,0.0816000,0.0856000,0.0888000
1990-09-07,0.0773000,0.0774000,0.0806000,0.0848000,0.0885000
1990-09-14,0.0770000,0.0775000,0.0806000,0.0847000,0.0884000
1990-09-21,0.0769000,0.0777000,0.0808000,0.0852000,0.0892000
1990-09-28,0.0768000,0.0779000,0.0812000,0.0858000,0.0896000
1990-10-05,0.0751000,0.0758000,0.0788000,0.0833000,0.0869000
1990-10-12,0.0755000,0.0762000,0.0797000,0.0847000,0.0887000
1990-10-19,0.0757000,0.0758000,0.0790000,0.0834000,0.0874000
1990-10-26,0.0751000,0.0750000,0.0783000,0.0824000,0.0864000
1990-11-02,0.0745000,0.0741000,0.0775000,0.0822000,0.0864000
1990-11-09,0.0741000,0.0735000,0.0765000,0.0813000,0.0853000
1990-11-16,0.0739000,0.0730000,0.0759000,0.0800000,0.0835000
1990-11-23,0.0739000,0.0729000,0.0758000,0.0796000,0.0830000
1990-11-30,0.0736000,0.0730000,0.0754000,0.0793000,0.0829000
1990-12-07,0.0722000,0.0724000,0.0745000,0.0780000,0.0816000
1990-12-14,0.0704000,0.0708000,0.0728000,0.0765000,0.0797000
1990-12-21,0.0697000,0.0696000,0.0727000,0.0769000,0.0803000
1990-12-28,0.0691000,0.0695000,0.0728000,0.0779000,0.0815000
1991-01-04,0.0675000,0.0678000,0.0712000,0.0762000,0.0800000
1991-01-11,0.0666000,0.0671000,0.0715000,0.0777000,0.0818000
1991-01-18,0.0649000,0.0662000,0.0718000,0.0777000,0.0815000
1991-01-25,0.0649000,0.0658000,0.0709000,0.0766000,0.0804000
1991-02-01,0.0647000,0.0651000,0.0703000,0.0760000,0.0802000
1991-02-08,0.0617000,0.0623000,0.0681000,0.0741000,0.0782000
1991-02-15,0.0613000,0.0620000,0.0679000,0.0739000,0.0778000
1991-02-22,0.0620000,0.0630000,0.0691000,0.0751000,0.0786000
1991-03-01,0.0631000,0.0640000,0.0705000,0.0765000,0.0800000
1991-03-08,0.0633000,0.0648000,0.0713000,0.0775000,0.0810000
1991-03-15,0.0613000,0.0632000,0.0702000,0.0770000,0.0806000
1991-03-22,0.0617000,0.0641000,0.0715000,0.0785000,0.0818000
1991-03-29,0.0611000,0.0634000,0.0710000,0.0779000,0.0810000
1991-04-05,0.0604000,0.0626000,0.0697000,0.0769000,0.0803000
1991-04-12,0.0594000,0.0622000,0.0694000,0.0769000,0.0804000
1991-04-19,0.0596000,0.0626000,0.0695000,0.0770000,0.0800000
1991-04-26,0.0600000,0.0625000,0.0698000,0.0774000,0.0809000
1991-05-03,0.0586000,0.0611000,0.0681000,0.0764000,0.0802000
1991-05-10,0.0589000,0.0613000,0.0684000,0.0769000,0.0806000
1991-05-17,0.0585000,0.0613000,0.0685000,0.0776000,0.0811000
1991-05-24,0.0589000,0.0615000,0.0678000,0.0773000,0.0808000
1991-05-31,0.0589000,0.0613000,0.0664000,0.0766000,0.0806000
1991-06-07,0.0599000,0.0630000,0.0685000,0.0786000,0.0820000
1991-06-14,0.0606000,0.0640000,0.0704000,0.0797000,0.0831000
1991-06-21,0.0604000,0.0637000,0.0696000,0.0795000,0.0831000
1991-06-28,0.0601000,0.0636000,0.0698000,0.0796000,0.0831000
1991-07-05,0.0598000,0.0640000,0.0700000,0.0795000,0.0828000
1991-07-12,0.0595000,0.0630000,0.0695000,0.0797000,0.0832000
1991-07-19,0.0600000,0.0632000,0.0690000,0.0792000,0.0828000
1991-07-26,0.0599000,0.0629000,0.0689000,0.0787000,0.0825000
1991-08-02,0.0592000,0.0618000,0.0680000,0.0776000,0.0817000
1991-08-09,0.0571000,0.0588000,0.0656000,0.0754000,0.0798000
1991-08-16,0.0560000,0.0572000,0.0640000,0.0740000,0.0787000
1991-08-23,0.0551000,0.0562000,0.0628000,0.0729000,0.0782000
1991-08-30,0.0562000,0.0574000,0.0636000,0.0735000,0.0784000
1991-09-06,0.0560000,0.0570000,0.0630000,0.0730000,0.0780000
1991-09-13,0.0548000,0.0558000,0.0621000,0.0718000,0.0771000
1991-09-20,0.0546000,0.0556000,0.0618000,0.0710000,0.0761000
1991-09-27,0.0543000,0.0550000,0.0609000,0.0704000,0.0755000
1991-10-04,0.0534000,0.0540000,0.0597000,0.0688000,0.0745000
1991-10-11,0.0528000,0.0536000,0.0593000,0.0685000,0.0748000
1991-10-18,0.0526000,0.0533000,0.0590000,0.0685000,0.0750000
1991-10-25,0.0530000,0.0539000,0.0598000,0.0696000,0.0766000
1991-11-01,0.0508000,0.0515000,0.0575000,0.0679000,0.0752000
1991-11-08,0.0493000,0.0500000,0.0564000,0.0671000,0.0748000
1991-11-15,0.0486000,0.0496000,0.0561000,0.0664000,0.0737000
1991-11-22,0.0473000,0.0482000,0.0551000,0.0656000,0.0738000
1991-11-29,0.0463000,0.0474000,0.0544000,0.0654000,0.0742000
1991-12-06,0.0448000,0.0461000,0.0525000,0.0634000,0.0725000
1991-12-13,0.0433000,0.0444000,0.0507000,0.0625000,0.0721000
1991-12-20,0.0426000,0.0435000,0.0501000,0.0621000,0.0713000
1991-12-27,0.0403000,0.0417000,0.0483000,0.0600000,0.0686000
1992-01-03,0.0401000,0.0414000,0.0479000,0.0598000,0.0678000
1992-01-10,0.0395000,0.0406000,0.0474000,0.0601000,0.0680000
1992-01-17,0.0402000,0.0417000,0.0502000,0.0634000,0.0704000
1992-01-24,0.0400000,0.0414000,0.0502000,0.0632000,0.0714000
1992-01-31,0.0407000,0.0423000,0.0514000,0.0641000,0.0725000
1992-02-07,0.0401000,0.0419000,0.0507000,0.0644000,0.0725000
1992-02-14,0.0399000,0.0419000,0.0510000,0.0650000,0.0731000
1992-02-21,0.0413000,0.0437000,0.0532000,0.0670000,0.0744000
1992-02-28,0.0418000,0.0441000,0.0537000,0.0670000,0.0737000
1992-03-06,0.0428000,0.0455000,0.0553000,0.0679000,0.0745000
1992-03-13,0.0432000,0.0464000,0.0566000,0.0691000,0.0754000
1992-03-20,0.0440000,0.0473000,0.0584000,0.0708000,0.0763000
1992-03-27,0.0433000,0.0464000,0.0575000,0.0700000,0.0756000
1992-04-03,0.0427000,0.0450000,0.0553000,0.0686000,0.0749000
1992-04-10,0.0403000,0.0425000,0.0526000,0.0669000,0.0740000
1992-04-17,0.0386000,0.0414000,0.0521000,0.0665000,0.0738000
1992-04-24,0.0398000,0.0432000,0.0540000,0.0689000,0.0758000
1992-05-01,0.0396000,0.0434000,0.0540000,0.0688000,0.0759000
1992-05-08,0.0390000,0.0425000,0.0530000,0.0678000,0.0750000
1992-05-15,0.0383000,0.0412000,0.0516000,0.0665000,0.0734000
1992-05-22,0.0384000,0.0412000,0.0517000,0.0661000,0.0729000
1992-05-29,0.0398000,0.0427000,0.0526000,0.0670000,0.0740000
1992-06-05,0.0398000,0.0427000,0.0521000,0.0661000,0.0735000
1992-06-12,0.0393000,0.0418000,0.0510000,0.0656000,0.0732000
1992-06-19,0.0386000,0.0412000,0.0500000,0.0644000,0.0724000
1992-06-26,0.0386000,0.0414000,0.0496000,0.0640000,0.0720000
1992-07-03,0.0369000,0.0396000,0.0476000,0.0622000,0.0707000
1992-07-10,0.0338000,0.0364000,0.0441000,0.0593000,0.0690000
1992-07-17,0.0335000,0.0353000,0.0430000,0.0585000,0.0692000
1992-07-24,0.0334000,0.0353000,0.0428000,0.0574000,0.0682000
1992-07-31,0.0337000,0.0357000,0.0431000,0.0570000,0.0667000
1992-08-07,0.0335000,0.0354000,0.0429000,0.0569000,0.0665000
1992-08-14,0.0329000,0.0343000,0.0416000,0.0553000,0.0652000
1992-08-21,0.0325000,0.0340000,0.0408000,0.0548000,0.0650000
1992-08-28,0.0335000,0.0352000,0.0425000,0.0569000,0.0667000
1992-09-04,0.0326000,0.0339000,0.0407000,0.0548000,0.0653000
1992-09-11,0.0302000,0.0317000,0.0385000,0.0526000,0.0632000
1992-09-18,0.0300000,0.0315000,0.0386000,0.0537000,0.0639000
1992-09-25,0.0301000,0.0316000,0.0391000,0.0546000,0.0647000
1992-10-02,0.0290000,0.0302000,0.0375000,0.0526000,0.0632000
1992-10-09,0.0296000,0.0309000,0.0383000,0.0535000,0.0639000
1992-10-16,0.0310000,0.0326000,0.0402000,0.0552000,0.0654000
1992-10-23,0.0327000,0.0348000,0.0428000,0.0583000,0.0678000
1992-10-30,0.0328000,0.0350000,0.0435000,0.0585000,0.0678000
1992-11-06,0.0333000,0.0358000,0.0444000,0.0596000,0.0690000
1992-11-13,0.0340000,0.0364000,0.0451000,0.0600000,0.0688000
1992-11-20,0.0347000,0.0373000,0.0464000,0.0605000,0.0684000
1992-11-27,0.0354000,0.0376000,0.0469000,0.0612000,0.0686000
1992-12-04,0.0356000,0.0382000,0.0478000,0.0620000,0.0691000
1992-12-11,0.0347000,0.0372000,0.0465000,0.0604000,0.0677000
1992-12-18,0.0348000,0.0376000,0.0472000,0.0610000,0.0679000
1992-12-25,0.0342000,0.0364000,0.0463000,0.0603000,0.0668000
1993-01-01,0.0343000,0.0362000,0.0459000,0.0603000,0.0670000
1993-01-08,0.0335000,0.0360000,0.0452000,0.0595000,0.0667000
1993-01-15,0.0323000,0.0350000,0.0443000,0.0590000,0.0668000
1993-01-22,0.0320000,0.0347000,0.0437000,0.0582000,0.0659000
1993-01-29,0.0316000,0.0341000,0.0424000,0.0566000,0.0646000
1993-02-05,0.0318000,0.0341000,0.0419000,0.0555000,0.0640000
1993-02-12,0.0319000,0.0345000,0.0421000,0.0556000,0.0638000
1993-02-19,0.0313000,0.0336000,0.0404000,0.0539000,0.0624000
1993-02-26,0.0313000,0.0331000,0.0395000,0.0521000,0.0602000
1993-03-05,0.0314000,0.0330000,0.0385000,0.0509000,0.0590000
1993-03-12,0.0318000,0.0339000,0.0403000,0.0524000,0.0596000
1993-03-19,0.0317000,0.0336000,0.0399000,0.0523000,0.0603000
1993-03-26,0.0312000,0.0330000,0.0393000,0.0520000,0.0598000
1993-04-02,0.0310000,0.0332000,0.0395000,0.0525000,0.0607000
1993-04-09,0.0310000,0.0331000,0.0392000,0.0521000,0.0606000
1993-04-16,0.0306000,0.0321000,0.0380000,0.0508000,0.0590000
1993-04-23,0.0301000,0.0318000,0.0377000,0.0506000,0.0587000
1993-04-30,0.0307000,0.0325000,0.0383000,0.0514000,0.0601000
1993-05-07,0.0306000,0.0323000,0.0378000,0.0505000,0.0592000
1993-05-14,0.0310000,0.0327000,0.0386000,0.0510000,0.0596000
1993-05-21,0.0319000,0.0340000,0.0407000,0.0528000,0.0612000
1993-05-28,0.0331000,0.0355000,0.0421000,0.0536000,0.0614000
1993-06-04,0.0332000,0.0358000,0.0420000,0.0529000,0.0607000
1993-06-11,0.0336000,0.0361000,0.0427000,0.0532000,0.0606000
1993-06-18,0.0326000,0.0349000,0.0411000,0.0519000,0.0596000
1993-06-25,0.0329000,0.0353000,0.0415000,0.0518000,0.0589000
1993-07-02,0.0320000,0.0342000,0.0401000,0.0504000,0.0579000
1993-07-09,0.0321000,0.0342000,0.0400000,0.0503000,0.0579000
1993-07-16,0.0323000,0.0341000,0.0400000,0.0500000,0.0574000
1993-07-23,0.0330000,0.0353000,0.0414000,0.0515000,0.0583000
1993-07-30,0.0332000,0.0357000,0.0419000,0.0521000,0.0588000
1993-08-06,0.0331000,0.0355000,0.0415000,0.0519000,0.0585000
1993-08-13,0.0325000,0.0348000,0.0406000,0.0512000,0.0578000
1993-08-20,0.0320000,0.0341000,0.0397000,0.0502000,0.0566000
1993-08-27,0.0319000,0.0337000,0.0388000,0.0487000,0.0551000
1993-09-03,0.0318000,0.0334000,0.0383000,0.0476000,0.0541000
1993-09-10,0.0315000,0.0332000,0.0379000,0.0466000,0.0528000
1993-09-17,0.0317000,0.0338000,0.0388000,0.0473000,0.0535000
1993-09-24,0.0315000,0.0339000,0.0390000,0.0480000,0.0544000
1993-10-01,0.0312000,0.0335000,0.0383000,0.0472000,0.0533000
1993-10-08,0.0318000,0.0335000,0.0383000,0.0469000,0.0533000
1993-10-15,0.0319000,0.0336000,0.0382000,0.0462000,0.0524000
1993-10-22,0.0324000,0.0340000,0.0387000,0.0469000,0.0531000
1993-10-29,0.0328000,0.0346000,0.0397000,0.0482000,0.0544000
1993-11-05,0.0336000,0.0356000,0.0415000,0.0503000,0.0566000
1993-11-12,0.0336000,0.0355000,0.0413000,0.0504000,0.0568000
1993-11-19,0.0335000,0.0358000,0.0413000,0.0504000,0.0571000
1993-11-26,0.0337000,0.0361000,0.0420000,0.0513000,0.0583000
1993-12-03,0.0337000,0.0362000,0.0421000,0.0514000,0.0580000
1993-12-10,0.0335000,0.0360000,0.0419000,0.0510000,0.0571000
1993-12-17,0.0334000,0.0361000,0.0423000,0.0518000,0.0582000
1993-12-24,0.0332000,0.0360000,0.0421000,0.0516000,0.0579000
1993-12-31,0.0331000,0.0361000,0.0422000,0.0514000,0.0577000
1994-01-07,0.0334000,0.0363000,0.0425000,0.0521000,0.0585000
1994-01-14,0.0323000,0.0352000,0.0410000,0.0503000,0.0569000
1994-01-21,0.0321000,0.0351000,0.0411000,0.0506000,0.0574000
1994-01-28,0.0322000,0.0351000,0.0410000,0.0505000,0.0574000
1994-02-04,0.0334000,0.0366000,0.0424000,0.0514000,0.0580000
1994-02-11,0.0350000,0.0385000,0.0443000,0.0536000,0.0594000
1994-02-18,0.0354000,0.0388000,0.0448000,0.0540000,0.0595000
1994-02-25,0.0370000,0.0401000,0.0467000,0.0560000,0.0615000
1994-03-04,0.0381000,0.0416000,0.0480000,0.0574000,0.0629000
1994-03-11,0.0390000,0.0428000,0.0493000,0.0585000,0.0640000
1994-03-18,0.0395000,0.0431000,0.0498000,0.0591000,0.0645000
1994-03-25,0.0394000,0.0436000,0.0506000,0.0600000,0.0652000
1994-04-01,0.0395000,0.0446000,0.0518000,0.0619000,0.0672000
1994-04-08,0.0412000,0.0471000,0.0544000,0.0647000,0.0697000
1994-04-15,0.0413000,0.0470000,0.0545000,0.0647000,0.0693000
1994-04-22,0.0435000,0.0490000,0.0566000,0.0660000,0.0703000
1994-04-29,0.0443000,0.0499000,0.0567000,0.0656000,0.0696000
1994-05-06,0.0465000,0.0523000,0.0591000,0.0676000,0.0716000
1994-05-13,0.0494000,0.0549000,0.0615000,0.0698000,0.0737000
1994-05-20,0.0475000,0.0523000,0.0585000,0.0665000,0.0706000
1994-05-27,0.0479000,0.0529000,0.0594000,0.0673000,0.0714000
1994-06-03,0.0480000,0.0531000,0.0594000,0.0670000,0.0709000
1994-06-10,0.0468000,0.0516000,0.0580000,0.0654000,0.0697000
1994-06-17,0.0466000,0.0518000,0.0586000,0.0665000,0.0708000
1994-06-24,0.0475000,0.0530000,0.0599000,0.0676000,0.0717000
1994-07-01,0.0478000,0.0547000,0.0614000,0.0689000,0.0727000
1994-07-08,0.0495000,0.0549000,0.0615000,0.0695000,0.0734000
1994-07-15,0.0500000,0.0549000,0.0617000,0.0697000,0.0736000
1994-07-22,0.0489000,0.0541000,0.0605000,0.0683000,0.0723000
1994-07-29,0.0500000,0.0551000,0.0614000,0.0689000,0.0726000
1994-08-05,0.0495000,0.0541000,0.0603000,0.0677000,0.0715000
1994-08-12,0.0512000,0.0560000,0.0623000,0.0696000,0.0731000
1994-08-19,0.0515000,0.0563000,0.0621000,0.0690000,0.0724000
1994-08-26,0.0511000,0.0561000,0.0623000,0.0692000,0.0727000
1994-09-02,0.0505000,0.0556000,0.0617000,0.0683000,0.0721000
1994-09-09,0.0508000,0.0562000,0.0625000,0.0695000,0.0733000
1994-09-16,0.0518000,0.0572000,0.0635000,0.0705000,0.0744000
1994-09-23,0.0535000,0.0585000,0.0647000,0.0717000,0.0754000
1994-09-30,0.0542000,0.0592000,0.0656000,0.0725000,0.0760000
1994-10-07,0.0560000,0.0607000,0.0669000,0.0738000,0.0772000
1994-10-14,0.0553000,0.0604000,0.0663000,0.0730000,0.0765000
1994-10-21,0.0561000,0.0610000,0.0669000,0.0737000,0.0771000
1994-10-28,0.0571000,0.0622000,0.0686000,0.0753000,0.0786000
1994-11-04,0.0577000,0.0628000,0.0695000,0.0761000,0.0794000
1994-11-11,0.0589000,0.0642000,0.0704000,0.0769000,0.0800000
1994-11-18,0.0603000,0.0658000,0.0715000,0.0773000,0.0797000
1994-11-25,0.0604000,0.0663000,0.0724000,0.0774000,0.0791000
1994-12-02,0.0623000,0.0689000,0.0741000,0.0779000,0.0789000
1994-12-09,0.0650000,0.0710000,0.0751000,0.0774000,0.0779000
1994-12-16,0.0657000,0.0720000,0.0761000,0.0778000,0.0782000
1994-12-23,0.0649000,0.0712000,0.0763000,0.0779000,0.0782000
1994-12-30,0.0653000,0.0721000,0.0769000,0.0781000,0.0781000
1995-01-06,0.0661000,0.0724000,0.0766000,0.0786000,0.0786000
1995-01-13,0.0653000,0.0712000,0.0757000,0.0780000,0.0780000
1995-01-20,0.0647000,0.0702000,0.0748000,0.0773000,0.0774000
1995-01-27,0.0647000,0.0695000,0.0745000,0.0774000,0.0778000
1995-02-03,0.0642000,0.0688000,0.0727000,0.0754000,0.0762000
1995-02-10,0.0636000,0.0679000,0.0722000,0.0747000,0.0756000
1995-02-17,0.0632000,0.0670000,0.0715000,0.0740000,0.0748000
1995-02-24,0.0621000,0.0654000,0.0696000,0.0723000,0.0736000
1995-03-03,0.0620000,0.0647000,0.0683000,0.0710000,0.0727000
1995-03-10,0.0625000,0.0654000,0.0691000,0.0718000,0.0735000
1995-03-17,0.0618000,0.0639000,0.0671000,0.0695000,0.0711000
1995-03-24,0.0615000,0.0637000,0.0671000,0.0701000,0.0716000
1995-03-31,0.0608000,0.0638000,0.0673000,0.0701000,0.0715000
1995-04-07,0.0613000,0.0638000,0.0669000,0.0696000,0.0712000
1995-04-14,0.0605000,0.0628000,0.0661000,0.0689000,0.0708000
1995-04-21,0.0598000,0.0617000,0.0646000,0.0678000,0.0703000
1995-04-28,0.0603000,0.0624000,0.0652000,0.0681000,0.0703000
1995-05-05,0.0598000,0.0616000,0.0643000,0.0670000,0.0693000
1995-05-12,0.0592000,0.0600000,0.0615000,0.0641000,0.0666000
1995-05-19,0.0593000,0.0598000,0.0615000,0.0640000,0.0659000
1995-05-26,0.0592000,0.0592000,0.0606000,0.0628000,0.0649000
1995-06-02,0.0574000,0.0571000,0.0576000,0.0598000,0.0623000
1995-06-09,0.0573000,0.0569000,0.0574000,0.0596000,0.0620000
1995-06-16,0.0570000,0.0566000,0.0575000,0.0596000,0.0621000
1995-06-23,0.0564000,0.0559000,0.0566000,0.0586000,0.0610000
1995-06-30,0.0560000,0.0565000,0.0575000,0.0595000,0.0617000
1995-07-07,0.0560000,0.0553000,0.0567000,0.0585000,0.0612000
1995-07-14,0.0556000,0.0547000,0.0561000,0.0581000,0.0609000
1995-07-21,0.0566000,0.0564000,0.0586000,0.0611000,0.0637000
1995-07-28,0.0565000,0.0572000,0.0594000,0.0621000,0.0646000
1995-08-04,0.0565000,0.0568000,0.0591000,0.0619000,0.0648000
1995-08-11,0.0565000,0.0571000,0.0595000,0.0624000,0.0650000
1995-08-18,0.0571000,0.0586000,0.0610000,0.0636000,0.0657000
1995-08-25,0.0566000,0.0581000,0.0604000,0.0628000,0.0652000
1995-09-01,0.0555000,0.0566000,0.0586000,0.0608000,0.0631000
1995-09-08,0.0556000,0.0563000,0.0580000,0.0599000,0.0620000
1995-09-15,0.0553000,0.0559000,0.0576000,0.0596000,0.0615000
1995-09-22,0.0548000,0.0557000,0.0579000,0.0598000,0.0617000
1995-09-29,0.0558000,0.0569000,0.0589000,0.0608000,0.0626000
1995-10-06,0.0560000,0.0561000,0.0576000,0.0592000,0.0610000
1995-10-13,0.0557000,0.0560000,0.0572000,0.0588000,0.0605000
1995-10-20,0.0556000,0.0559000,0.0568000,0.0583000,0.0599000
1995-10-27,0.0554000,0.0558000,0.0567000,0.0584000,0.0604000
1995-11-03,0.0551000,0.0548000,0.0554000,0.0575000,0.0598000
1995-11-10,0.0553000,0.0545000,0.0551000,0.0573000,0.0597000
1995-11-17,0.0552000,0.0543000,0.0548000,0.0571000,0.0596000
1995-11-24,0.0549000,0.0544000,0.0549000,0.0570000,0.0592000
1995-12-01,0.0548000,0.0539000,0.0540000,0.0559000,0.0582000
1995-12-08,0.0543000,0.0535000,0.0533000,0.0549000,0.0568000
1995-12-15,0.0541000,0.0535000,0.0538000,0.0555000,0.0573000
1995-12-22,0.0531000,0.0530000,0.0535000,0.0556000,0.0578000
1995-12-29,0.0519000,0.0521000,0.0522000,0.0544000,0.0564000
1996-01-05,0.0523000,0.0518000,0.0518000,0.0539000,0.0563000
1996-01-12,0.0520000,0.0517000,0.0520000,0.0544000,0.0574000
1996-01-19,0.0505000,0.0503000,0.0504000,0.0530000,0.0558000
1996-01-26,0.0511000,0.0505000,0.0509000,0.0535000,0.0565000
1996-02-02,0.0501000,0.0493000,0.0498000,0.0528000,0.0564000
1996-02-09,0.0495000,0.0485000,0.0491000,0.0527000,0.0567000
1996-02-16,0.0490000,0.0481000,0.0484000,0.0520000,0.0565000
1996-02-23,0.0502000,0.0504000,0.0515000,0.0552000,0.0597000
1996-03-01,0.0501000,0.0514000,0.0532000,0.0565000,0.0606000
1996-03-08,0.0506000,0.0515000,0.0540000,0.0571000,0.0608000
1996-03-15,0.0519000,0.0541000,0.0576000,0.0606000,0.0637000
1996-03-22,0.0524000,0.0544000,0.0579000,0.0608000,0.0636000
1996-03-29,0.0519000,0.0542000,0.0578000,0.0608000,0.0632000
1996-04-05,0.0527000,0.0548000,0.0584000,0.0614000,0.0635000
1996-04-12,0.0532000,0.0562000,0.0607000,0.0642000,0.0660000
1996-04-19,0.0523000,0.0551000,0.0595000,0.0632000,0.0652000
1996-04-26,0.0523000,0.0552000,0.0594000,0.0631000,0.0653000
1996-05-03,0.0531000,0.0563000,0.0608000,0.0646000,0.0674000
1996-05-10,0.0533000,0.0567000,0.0614000,0.0655000,0.0682000
1996-05-17,0.0532000,0.0559000,0.0604000,0.0642000,0.0668000
1996-05-24,0.0533000,0.0559000,0.0603000,0.0641000,0.0665000
1996-05-31,0.0535000,0.0570000,0.0617000,0.0655000,0.0677000
1996-06-07,0.0543000,0.0578000,0.0626000,0.0663000,0.0685000
1996-06-14,0.0552000,0.0586000,0.0636000,0.0677000,0.0699000
1996-06-21,0.0547000,0.0582000,0.0632000,0.0673000,0.0695000
1996-06-28,0.0542000,0.0579000,0.0625000,0.0663000,0.0686000
1996-07-05,0.0549000,0.0582000,0.0625000,0.0660000,0.0685000
1996-07-12,0.0558000,0.0590000,0.0634000,0.0672000,0.0695000
1996-07-19,0.0550000,0.0580000,0.0622000,0.0659000,0.0681000
1996-07-26,0.0553000,0.0585000,0.0625000,0.0662000,0.0685000
1996-08-02,0.0545000,0.0580000,0.0617000,0.0652000,0.0676000
1996-08-09,0.0532000,0.0560000,0.0595000,0.0628000,0.0654000
1996-08-16,0.0532000,0.0562000,0.0596000,0.0631000,0.0656000
1996-08-23,0.0532000,0.0564000,0.0600000,0.0638000,0.0663000
1996-08-30,0.0540000,0.0581000,0.0622000,0.0660000,0.0684000
1996-09-06,0.0558000,0.0595000,0.0636000,0.0673000,0.0695000
1996-09-13,0.0549000,0.0588000,0.0627000,0.0664000,0.0688000
1996-09-20,0.0546000,0.0582000,0.0623000,0.0659000,0.0682000
1996-09-27,0.0533000,0.0572000,0.0612000,0.0648000,0.0673000
1996-10-04,0.0531000,0.0561000,0.0599000,0.0635000,0.0661000
1996-10-11,0.0531000,0.0557000,0.0594000,0.0630000,0.0655000
1996-10-18,0.0532000,0.0555000,0.0591000,0.0628000,0.0654000
1996-10-25,0.0534000,0.0556000,0.0593000,0.0629000,0.0655000
1996-11-01,0.0531000,0.0548000,0.0581000,0.0615000,0.0642000
1996-11-08,0.0528000,0.0544000,0.0576000,0.0605000,0.0630000
1996-11-15,0.0528000,0.0541000,0.0570000,0.0597000,0.0618000
1996-11-22,0.0526000,0.0542000,0.0568000,0.0594000,0.0616000
1996-11-29,0.0527000,0.0541000,0.0565000,0.0590000,0.0612000
1996-12-06,0.0522000,0.0542000,0.0566000,0.0592000,0.0615000
1996-12-13,0.0520000,0.0546000,0.0577000,0.0606000,0.0631000
1996-12-20,0.0526000,0.0551000,0.0585000,0.0615000,0.0640000
1996-12-27,0.0528000,0.0550000,0.0584000,0.0612000,0.0634000
1997-01-03,0.0533000,0.0555000,0.0590000,0.0622000,0.0645000
1997-01-10,0.0530000,0.0561000,0.0599000,0.0633000,0.0657000
1997-01-17,0.0528000,0.0561000,0.0601000,0.0633000,0.0656000
1997-01-24,0.0533000,0.0561000,0.0603000,0.0634000,0.0658000
1997-01-31,0.0530000,0.0562000,0.0603000,0.0636000,0.0662000
1997-02-07,0.0528000,0.0553000,0.0589000,0.0620000,0.0646000
1997-02-14,0.0524000,0.0549000,0.0585000,0.0614000,0.0637000
1997-02-21,0.0524000,0.0547000,0.0583000,0.0613000,0.0633000
1997-02-28,0.0530000,0.0560000,0.0601000,0.0631000,0.0650000
1997-03-07,0.0541000,0.0570000,0.0612000,0.0642000,0.0659000
1997-03-14,0.0541000,0.0572000,0.0614000,0.0646000,0.0663000
1997-03-21,0.0552000,0.0581000,0.0625000,0.0658000,0.0673000
1997-03-28,0.0559000,0.0594000,0.0636000,0.0666000,0.0679000
1997-04-04,0.0554000,0.0599000,0.0643000,0.0675000,0.0690000
1997-04-11,0.0560000,0.0599000,0.0646000,0.0678000,0.0692000
1997-04-18,0.0563000,0.0598000,0.0647000,0.0678000,0.0689000
1997-04-25,0.0562000,0.0601000,0.0648000,0.0679000,0.0689000
1997-05-02,0.0557000,0.0593000,0.0633000,0.0662000,0.0676000
1997-05-09,0.0555000,0.0590000,0.0630000,0.0657000,0.0670000
1997-05-16,0.0555000,0.0586000,0.0626000,0.0654000,0.0668000
1997-05-23,0.0552000,0.0585000,0.0626000,0.0658000,0.0673000
1997-05-30,0.0548000,0.0586000,0.0629000,0.0660000,0.0675000
1997-06-06,0.0540000,0.0576000,0.0619000,0.0648000,0.0661000
1997-06-13,0.0538000,0.0572000,0.0612000,0.0640000,0.0652000
1997-06-20,0.0531000,0.0565000,0.0603000,0.0629000,0.0640000
1997-06-27,0.0527000,0.0565000,0.0604000,0.0633000,0.0645000
1997-07-04,0.0531000,0.0563000,0.0601000,0.0631000,0.0642000
1997-07-11,0.0530000,0.0554000,0.0591000,0.0615000,0.0626000
1997-07-18,0.0533000,0.0556000,0.0590000,0.0614000,0.0623000
1997-07-25,0.0536000,0.0554000,0.0589000,0.0609000,0.0618000
1997-08-01,0.0536000,0.0548000,0.0581000,0.0600000,0.0611000
1997-08-08,0.0543000,0.0555000,0.0594000,0.0615000,0.0626000
1997-08-15,0.0543000,0.0559000,0.0595000,0.0617000,0.0633000
1997-08-22,0.0535000,0.0554000,0.0590000,0.0612000,0.0627000
1997-08-29,0.0539000,0.0559000,0.0598000,0.0622000,0.0636000
1997-09-05,0.0538000,0.0558000,0.0597000,0.0622000,0.0634000
1997-09-12,0.0535000,0.0559000,0.0598000,0.0623000,0.0634000
1997-09-19,0.0528000,0.0548000,0.0583000,0.0604000,0.0614000
1997-09-26,0.0519000,0.0547000,0.0580000,0.0600000,0.0608000
1997-10-03,0.0526000,0.0545000,0.0576000,0.0594000,0.0606000
1997-10-10,0.0526000,0.0545000,0.0576000,0.0593000,0.0604000
1997-10-17,0.0533000,0.0552000,0.0585000,0.0601000,0.0611000
1997-10-24,0.0537000,0.0553000,0.0586000,0.0602000,0.0609000
1997-10-31,0.0528000,0.0535000,0.0565000,0.0578000,0.0590000
1997-11-07,0.0533000,0.0544000,0.0571000,0.0581000,0.0592000
1997-11-14,0.0537000,0.0544000,0.0571000,0.0581000,0.0588000
1997-11-21,0.0538000,0.0546000,0.0570000,0.0579000,0.0584000
1997-11-28,0.0544000,0.0550000,0.0573000,0.0582000,0.0586000
1997-12-05,0.0542000,0.0554000,0.0576000,0.0582000,0.0586000
1997-12-12,0.0545000,0.0553000,0.0574000,0.0583000,0.0587000
1997-12-19,0.0542000,0.0549000,0.0568000,0.0574000,0.0577000
1997-12-26,0.0551000,0.0555000,0.0569000,0.0572000,0.0574000
1998-01-02,0.0546000,0.0552000,0.0566000,0.0571000,0.0575000
1998-01-09,0.0525000,0.0525000,0.0535000,0.0538000,0.0549000
1998-01-16,0.0516000,0.0518000,0.0528000,0.0532000,0.0545000
1998-01-23,0.0522000,0.0522000,0.0536000,0.0545000,0.0559000
1998-01-30,0.0526000,0.0528000,0.0540000,0.0548000,0.0563000
1998-02-06,0.0526000,0.0526000,0.0535000,0.0544000,0.0559000
1998-02-13,0.0524000,0.0528000,0.0539000,0.0547000,0.0557000
1998-02-20,0.0530000,0.0528000,0.0538000,0.0545000,0.0550000
1998-02-27,0.0531000,0.0542000,0.0554000,0.0560000,0.0563000
1998-03-06,0.0530000,0.0543000,0.0561000,0.0569000,0.0575000
1998-03-13,0.0522000,0.0537000,0.0553000,0.0557000,0.0562000
1998-03-20,0.0526000,0.0536000,0.0551000,0.0554000,0.0557000
1998-03-27,0.0520000,0.0539000,0.0557000,0.0562000,0.0563000
1998-04-03,0.0524000,0.0536000,0.0555000,0.0558000,0.0561000
1998-04-10,0.0521000,0.0530000,0.0547000,0.0552000,0.0555000
1998-04-17,0.0530000,0.0539000,0.0556000,0.0559000,0.0561000
1998-04-24,0.0526000,0.0540000,0.0560000,0.0565000,0.0567000
1998-05-01,0.0530000,0.0545000,0.0566000,0.0572000,0.0575000
1998-05-08,0.0533000,0.0543000,0.0559000,0.0563000,0.0568000
1998-05-15,0.0538000,0.0546000,0.0562000,0.0567000,0.0570000
1998-05-22,0.0539000,0.0545000,0.0560000,0.0563000,0.0564000
1998-05-29,0.0535000,0.0543000,0.0556000,0.0557000,0.0557000
1998-06-05,0.0532000,0.0542000,0.0555000,0.0557000,0.0557000
1998-06-12,0.0536000,0.0542000,0.0552000,0.0553000,0.0551000
1998-06-19,0.0533000,0.0540000,0.0551000,0.0551000,0.0547000
1998-06-26,0.0532000,0.0541000,0.0551000,0.0550000,0.0546000
1998-07-03,0.0523000,0.0538000,0.0548000,0.0546000,0.0544000
1998-07-10,0.0523000,0.0534000,0.0543000,0.0541000,0.0541000
1998-07-17,0.0523000,0.0536000,0.0546000,0.0547000,0.0549000
1998-07-24,0.0525000,0.0536000,0.0547000,0.0547000,0.0546000
1998-07-31,0.0521000,0.0537000,0.0548000,0.0551000,0.0550000
1998-08-07,0.0521000,0.0531000,0.0540000,0.0543000,0.0543000
1998-08-14,0.0514000,0.0523000,0.0534000,0.0536000,0.0540000
1998-08-21,0.0517000,0.0524000,0.0532000,0.0532000,0.0539000
1998-08-28,0.0510000,0.0510000,0.0509000,0.0507000,0.0520000
1998-09-04,0.0499000,0.0491000,0.0491000,0.0492000,0.0505000
1998-09-11,0.0489000,0.0476000,0.0474000,0.0472000,0.0490000
1998-09-18,0.0487000,0.0476000,0.0470000,0.0462000,0.0483000
1998-09-25,0.0469000,0.0461000,0.0453000,0.0448000,0.0467000
1998-10-02,0.0449000,0.0441000,0.0431000,0.0424000,0.0446000
1998-10-09,0.0424000,0.0418000,0.0411000,0.0418000,0.0441000
1998-10-16,0.0414000,0.0414000,0.0405000,0.0422000,0.0458000
1998-10-23,0.0408000,0.0401000,0.0407000,0.0417000,0.0459000
1998-10-30,0.0425000,0.0410000,0.0410000,0.0422000,0.0463000
1998-11-06,0.0459000,0.0446000,0.0440000,0.0445000,0.0483000
1998-11-13,0.0459000,0.0452000,0.0452000,0.0451000,0.0482000
1998-11-20,0.0455000,0.0454000,0.0462000,0.0459000,0.0485000
1998-11-27,0.0463000,0.0459000,0.0464000,0.0462000,0.0483000
1998-12-04,0.0451000,0.0446000,0.0443000,0.0439000,0.0464000
1998-12-11,0.0454000,0.0449000,0.0445000,0.0439000,0.0460000
1998-12-18,0.0454000,0.0447000,0.0443000,0.0436000,0.0459000
1998-12-25,0.0466000,0.0463000,0.0467000,0.0459000,0.0475000
1999-01-01,0.0462000,0.0459000,0.0461000,0.0459000,0.0470000
1999-01-08,0.0454000,0.0455000,0.0464000,0.0463000,0.0476000
1999-01-15,0.0448000,0.0451000,0.0461000,0.0461000,0.0475000
1999-01-22,0.0447000,0.0449000,0.0463000,0.0460000,0.0470000
1999-01-29,0.0446000,0.0451000,0.0459000,0.0456000,0.0467000
1999-02-05,0.0457000,0.0461000,0.0473000,0.0476000,0.0484000
1999-02-12,0.0457000,0.0467000,0.0481000,0.0484000,0.0495000
1999-02-19,0.0463000,0.0471000,0.0493000,0.0496000,0.0503000
1999-02-26,0.0467000,0.0482000,0.0505000,0.0511000,0.0518000
1999-03-05,0.0475000,0.0489000,0.0518000,0.0529000,0.0538000
1999-03-12,0.0469000,0.0477000,0.0505000,0.0513000,0.0521000
1999-03-19,0.0467000,0.0474000,0.0500000,0.0505000,0.0514000
1999-03-26,0.0455000,0.0475000,0.0502000,0.0511000,0.0520000
1999-04-02,0.0451000,0.0472000,0.0499000,0.0512000,0.0524000
1999-04-09,0.0453000,0.0466000,0.0491000,0.0500000,0.0511000
1999-04-16,0.0451000,0.0467000,0.0496000,0.0505000,0.0514000
1999-04-23,0.0455000,0.0470000,0.0500000,0.0510000,0.0520000
1999-04-30,0.0461000,0.0473000,0.0503000,0.0515000,0.0526000
1999-05-07,0.0468000,0.0478000,0.0513000,0.0532000,0.0545000
1999-05-14,0.0470000,0.0479000,0.0519000,0.0539000,0.0553000
1999-05-21,0.0479000,0.0489000,0.0534000,0.0553000,0.0561000
1999-05-28,0.0481000,0.0493000,0.0535000,0.0551000,0.0556000
1999-06-04,0.0496000,0.0508000,0.0555000,0.0575000,0.0580000
1999-06-11,0.0502000,0.0512000,0.0562000,0.0581000,0.0589000
1999-06-18,0.0502000,0.0503000,0.0560000,0.0580000,0.0591000
1999-06-25,0.0506000,0.0514000,0.0569000,0.0588000,0.0598000
1999-07-02,0.0506000,0.0511000,0.0561000,0.0576000,0.0587000
1999-07-09,0.0476000,0.0506000,0.0562000,0.0575000,0.0587000
1999-07-16,0.0470000,0.0501000,0.0552000,0.0561000,0.0572000
1999-07-23,0.0467000,0.0498000,0.0549000,0.0561000,0.0572000
1999-07-30,0.0479000,0.0507000,0.0559000,0.0575000,0.0586000
1999-08-06,0.0499000,0.0513000,0.0564000,0.0586000,0.0595000
1999-08-13,0.0511000,0.0523000,0.0577000,0.0597000,0.0608000
1999-08-20,0.0510000,0.0520000,0.0568000,0.0581000,0.0591000
1999-08-27,0.0510000,0.0519000,0.0561000,0.0571000,0.0581000
1999-09-03,0.0519000,0.0529000,0.0572000,0.0586000,0.0597000
1999-09-10,0.0514000,0.0528000,0.0568000,0.0582000,0.0594000
1999-09-17,0.0509000,0.0526000,0.0566000,0.0580000,0.0592000
1999-09-24,0.0505000,0.0523000,0.0564000,0.0577000,0.0588000
1999-10-01,0.0499000,0.0524000,0.0566000,0.0581000,0.0592000
1999-10-08,0.0511000,0.0534000,0.0578000,0.0595000,0.0602000
1999-10-15,0.0516000,0.0542000,0.0585000,0.0603000,0.0611000
1999-10-22,0.0525000,0.0547000,0.0592000,0.0609000,0.0618000
1999-10-29,0.0532000,0.0551000,0.0592000,0.0609000,0.0616000
1999-11-05,0.0532000,0.0545000,0.0578000,0.0595000,0.0600000
1999-11-12,0.0539000,0.0550000,0.0578000,0.0588000,0.0596000
1999-11-19,0.0545000,0.0556000,0.0587000,0.0595000,0.0602000
1999-11-26,0.0550000,0.0565000,0.0596000,0.0603000,0.0610000
1999-12-03,0.0557000,0.0573000,0.0603000,0.0613000,0.0620000
1999-12-10,0.0556000,0.0569000,0.0596000,0.0603000,0.0613000
1999-12-17,0.0572000,0.0585000,0.0609000,0.0614000,0.0624000
1999-12-24,0.0583000,0.0597000,0.0623000,0.0630000,0.0639000
1999-12-31,0.0572000,0.0595000,0.0622000,0.0633000,0.0641000
2000-01-07,0.0573000,0.0603000,0.0634000,0.0646000,0.0656000
2000-01-14,0.0567000,0.0612000,0.0643000,0.0656000,0.0666000
2000-01-21,0.0581000,0.0613000,0.0648000,0.0665000,0.0677000
2000-01-28,0.0580000,0.0617000,0.0648000,0.0663000,0.0668000
2000-02-04,0.0593000,0.0624000,0.0661000,0.0666000,0.0658000
2000-02-11,0.0600000,0.0620000,0.0668000,0.0676000,0.0662000
2000-02-18,0.0602000,0.0623000,0.0665000,0.0674000,0.0655000
2000-02-25,0.0602000,0.0622000,0.0654000,0.0659000,0.0638000
2000-03-03,0.0602000,0.0618000,0.0651000,0.0658000,0.0639000
2000-03-10,0.0608000,0.0618000,0.0651000,0.0660000,0.0639000
2000-03-17,0.0612000,0.0620000,0.0650000,0.0650000,0.0628000
2000-03-24,0.0614000,0.0624000,0.0654000,0.0644000,0.0614000
2000-03-31,0.0616000,0.0630000,0.0657000,0.0642000,0.0613000
2000-04-07,0.0612000,0.0617000,0.0638000,0.0620000,0.0592000
2000-04-14,0.0608000,0.0614000,0.0635000,0.0618000,0.0589000
2000-04-21,0.0602000,0.0609000,0.0634000,0.0624000,0.0601000
2000-04-28,0.0605000,0.0619000,0.0653000,0.0642000,0.0615000
2000-05-05,0.0624000,0.0624000,0.0676000,0.0666000,0.0640000
2000-05-12,0.0645000,0.0638000,0.0686000,0.0674000,0.0650000
2000-05-19,0.0646000,0.0640000,0.0689000,0.0674000,0.0649000
2000-05-26,0.0640000,0.0628000,0.0677000,0.0665000,0.0642000
2000-06-02,0.0633000,0.0630000,0.0664000,0.0649000,0.0626000
2000-06-09,0.0630000,0.0623000,0.0653000,0.0635000,0.0613000
2000-06-16,0.0623000,0.0614000,0.0645000,0.0627000,0.0606000
2000-06-23,0.0619000,0.0615000,0.0648000,0.0629000,0.0609000
2000-06-30,0.0623000,0.0613000,0.0644000,0.0625000,0.0608000
2000-07-07,0.0621000,0.0608000,0.0631000,0.0613000,0.0601000
2000-07-14,0.0626000,0.0609000,0.0634000,0.0618000,0.0606000
2000-07-21,0.0630000,0.0611000,0.0640000,0.0624000,0.0610000
2000-07-28,0.0629000,0.0606000,0.0631000,0.0616000,0.0604000
2000-08-04,0.0636000,0.0609000,0.0623000,0.0609000,0.0598000
2000-08-11,0.0633000,0.0617000,0.0619000,0.0604000,0.0585000
2000-08-18,0.0635000,0.0621000,0.0628000,0.0611000,0.0580000
2000-08-25,0.0637000,0.0620000,0.0623000,0.0604000,0.0575000
2000-09-01,0.0637000,0.0623000,0.0620000,0.0602000,0.0576000
2000-09-08,0.0629000,0.0620000,0.0611000,0.0595000,0.0573000
2000-09-15,0.0621000,0.0614000,0.0610000,0.0595000,0.0578000
2000-09-22,0.0623000,0.0609000,0.0608000,0.0595000,0.0588000
2000-09-29,0.0627000,0.0608000,0.0604000,0.0590000,0.0582000
2000-10-06,0.0633000,0.0606000,0.0600000,0.0590000,0.0586000
2000-10-13,0.0627000,0.0598000,0.0590000,0.0579000,0.0576000
2000-10-20,0.0628000,0.0594000,0.0585000,0.0570000,0.0568000
2000-10-27,0.0635000,0.0601000,0.0588000,0.0573000,0.0566000
2000-11-03,0.0637000,0.0611000,0.0592000,0.0582000,0.0576000
2000-11-10,0.0638000,0.0614000,0.0597000,0.0582000,0.0585000
2000-11-17,0.0635000,0.0609000,0.0589000,0.0569000,0.0573000
2000-11-24,0.0634000,0.0609000,0.0586000,0.0563000,0.0565000
2000-12-01,0.0625000,0.0600000,0.0571000,0.0552000,0.0556000
2000-12-08,0.0607000,0.0578000,0.0549000,0.0533000,0.0539000
2000-12-15,0.0603000,0.0573000,0.0546000,0.0525000,0.0529000
2000-12-22,0.0577000,0.0544000,0.0523000,0.0502000,0.0510000
2000-12-29,0.0573000,0.0534000,0.0512000,0.0498000,0.0510000
2001-01-05,0.0530000,0.0489000,0.0478000,0.0480000,0.0501000
2001-01-12,0.0514000,0.0479000,0.0472000,0.0481000,0.0508000
2001-01-19,0.0519000,0.0485000,0.0480000,0.0485000,0.0519000
2001-01-26,0.0512000,0.0483000,0.0479000,0.0494000,0.0529000
2001-02-02,0.0491000,0.0466000,0.0466000,0.0487000,0.0520000
2001-02-09,0.0495000,0.0472000,0.0470000,0.0490000,0.0513000
2001-02-16,0.0499000,0.0480000,0.0478000,0.0495000,0.0511000
2001-02-23,0.0487000,0.0469000,0.0464000,0.0493000,0.0513000
2001-03-02,0.0468000,0.0447000,0.0444000,0.0474000,0.0495000
2001-03-09,0.0465000,0.0447000,0.0446000,0.0475000,0.0495000
2001-03-16,0.0449000,0.0431000,0.0434000,0.0464000,0.0486000
2001-03-23,0.0432000,0.0417000,0.0424000,0.0451000,0.0478000
2001-03-30,0.0419000,0.0419000,0.0429000,0.0465000,0.0495000
2001-04-06,0.0407000,0.0400000,0.0415000,0.0460000,0.0495000
2001-04-13,0.0404000,0.0407000,0.0425000,0.0471000,0.0508000
2001-04-20,0.0402000,0.0404000,0.0434000,0.0486000,0.0524000
2001-04-27,0.0383000,0.0382000,0.0419000,0.0483000,0.0525000
2001-05-04,0.0390000,0.0390000,0.0423000,0.0491000,0.0528000
2001-05-11,0.0372000,0.0376000,0.0416000,0.0478000,0.0529000
2001-05-18,0.0371000,0.0376000,0.0430000,0.0496000,0.0546000
2001-05-25,0.0373000,0.0378000,0.0433000,0.0501000,0.0546000
2001-06-01,0.0363000,0.0370000,0.0428000,0.0500000,0.0548000
2001-06-08,0.0361000,0.0364000,0.0415000,0.0488000,0.0532000
2001-06-15,0.0359000,0.0359000,0.0407000,0.0480000,0.0528000
2001-06-22,0.0347000,0.0346000,0.0397000,0.0470000,0.0523000
2001-06-29,0.0355000,0.0360000,0.0410000,0.0482000,0.0529000
2001-07-06,0.0361000,0.0370000,0.0421000,0.0491000,0.0541000
2001-07-13,0.0358000,0.0362000,0.0410000,0.0483000,0.0531000
2001-07-20,0.0356000,0.0360000,0.0402000,0.0472000,0.0517000
2001-07-27,0.0352000,0.0359000,0.0395000,0.0469000,0.0516000
2001-08-03,0.0347000,0.0356000,0.0386000,0.0465000,0.0513000
2001-08-10,0.0342000,0.0350000,0.0381000,0.0466000,0.0508000
2001-08-17,0.0337000,0.0344000,0.0373000,0.0457000,0.0495000
2001-08-24,0.0337000,0.0345000,0.0373000,0.0453000,0.0490000
2001-08-31,0.0333000,0.0344000,0.0368000,0.0447000,0.0484000
2001-09-07,0.0334000,0.0343000,0.0370000,0.0453000,0.0491000
2001-09-14,0.0288000,0.0295000,0.0313000,0.0412000,0.0468000
2001-09-21,0.0245000,0.0260000,0.0291000,0.0396000,0.0470000
2001-09-28,0.0235000,0.0249000,0.0286000,0.0394000,0.0466000
2001-10-05,0.0225000,0.0240000,0.0276000,0.0388000,0.0453000
2001-10-12,0.0223000,0.0239000,0.0280000,0.0399000,0.0465000
2001-10-19,0.0220000,0.0237000,0.0278000,0.0394000,0.0460000
2001-10-26,0.0213000,0.0231000,0.0272000,0.0394000,0.0460000
2001-11-02,0.0198000,0.0211000,0.0249000,0.0373000,0.0437000
2001-11-09,0.0183000,0.0199000,0.0240000,0.0358000,0.0430000
2001-11-16,0.0196000,0.0224000,0.0283000,0.0397000,0.0466000
2001-11-23,0.0201000,0.0235000,0.0305000,0.0425000,0.0493000
2001-11-30,0.0191000,0.0223000,0.0303000,0.0425000,0.0492000
2001-12-07,0.0184000,0.0221000,0.0302000,0.0423000,0.0492000
2001-12-14,0.0177000,0.0217000,0.0308000,0.0441000,0.0514000
2001-12-21,0.0181000,0.0223000,0.0315000,0.0445000,0.0514000
2001-12-28,0.0184000,0.0228000,0.0321000,0.0449000,0.0517000
2002-01-04,0.0183000,0.0224000,0.0317000,0.0447000,0.0515000
2002-01-11,0.0174000,0.0213000,0.0298000,0.0431000,0.0504000
2002-01-18,0.0167000,0.0203000,0.0286000,0.0419000,0.0492000
2002-01-25,0.0180000,0.0218000,0.0309000,0.0437000,0.0505000
2002-02-01,0.0187000,0.0225000,0.0311000,0.0440000,0.0505000
2002-02-08,0.0184000,0.0219000,0.0298000,0.0430000,0.0492000
2002-02-15,0.0186000,0.0224000,0.0302000,0.0433000,0.0494000
2002-02-22,0.0187000,0.0224000,0.0299000,0.0427000,0.0487000
2002-03-01,0.0189000,0.0228000,0.0308000,0.0430000,0.0490000
2002-03-08,0.0196000,0.0241000,0.0334000,0.0455000,0.0513000
2002-03-15,0.0206000,0.0258000,0.0358000,0.0477000,0.0534000
2002-03-22,0.0212000,0.0266000,0.0370000,0.0484000,0.0537000
2002-03-29,0.0213000,0.0270000,0.0371000,0.0488000,0.0538000
2002-04-05,0.0209000,0.0264000,0.0360000,0.0479000,0.0532000
2002-04-12,0.0199000,0.0253000,0.0347000,0.0466000,0.0522000
2002-04-19,0.0193000,0.0242000,0.0339000,0.0462000,0.0521000
2002-04-26,0.0191000,0.0236000,0.0330000,0.0456000,0.0513000
2002-05-03,0.0191000,0.0233000,0.0323000,0.0452000,0.0511000
2002-05-10,0.0189000,0.0231000,0.0322000,0.0450000,0.0516000
2002-05-17,0.0193000,0.0240000,0.0335000,0.0458000,0.0526000
2002-05-24,0.0192000,0.0238000,0.0328000,0.0448000,0.0517000
2002-05-31,0.0192000,0.0235000,0.0323000,0.0440000,0.0510000
2002-06-07,0.0190000,0.0232000,0.0315000,0.0434000,0.0506000
2002-06-14,0.0185000,0.0224000,0.0304000,0.0423000,0.0497000
2002-06-21,0.0181000,0.0213000,0.0290000,0.0409000,0.0483000
2002-06-28,0.0178000,0.0210000,0.0287000,0.0408000,0.0484000
2002-07-05,0.0176000,0.0206000,0.0284000,0.0405000,0.0483000
2002-07-12,0.0175000,0.0200000,0.0267000,0.0392000,0.0471000
2002-07-19,0.0174000,0.0197000,0.0257000,0.0385000,0.0468000
2002-07-26,0.0170000,0.0188000,0.0232000,0.0356000,0.0447000
2002-08-02,0.0169000,0.0182000,0.0224000,0.0353000,0.0452000
2002-08-09,0.0158000,0.0167000,0.0204000,0.0329000,0.0435000
2002-08-16,0.0162000,0.0176000,0.0214000,0.0325000,0.0418000
2002-08-23,0.0166000,0.0181000,0.0218000,0.0332000,0.0424000
2002-08-30,0.0168000,0.0180000,0.0219000,0.0329000,0.0421000
2002-09-06,0.0162000,0.0170000,0.0202000,0.0303000,0.0398000
2002-09-13,0.0168000,0.0178000,0.0212000,0.0308000,0.0400000
2002-09-20,0.0167000,0.0173000,0.0201000,0.0293000,0.0384000
2002-09-27,0.0161000,0.0168000,0.0193000,0.0279000,0.0373000
2002-10-04,0.0153000,0.0155000,0.0176000,0.0272000,0.0369000
2002-10-11,0.0156000,0.0159000,0.0178000,0.0271000,0.0368000
2002-10-18,0.0168000,0.0177000,0.0207000,0.0315000,0.0411000
2002-10-25,0.0168000,0.0179000,0.0214000,0.0322000,0.0421000
2002-11-01,0.0146000,0.0151000,0.0177000,0.0290000,0.0400000
2002-11-08,0.0133000,0.0146000,0.0184000,0.0295000,0.0400000
2002-11-15,0.0127000,0.0146000,0.0184000,0.0293000,0.0394000
2002-11-22,0.0127000,0.0151000,0.0199000,0.0313000,0.0408000
2002-11-29,0.0130000,0.0155000,0.0207000,0.0326000,0.0419000
2002-12-06,0.0129000,0.0153000,0.0201000,0.0324000,0.0417000
2002-12-13,0.0127000,0.0147000,0.0187000,0.0306000,0.0404000
2002-12-20,0.0126000,0.0143000,0.0183000,0.0302000,0.0405000
2002-12-27,0.0126000,0.0141000,0.0171000,0.0289000,0.0392000
2003-01-03,0.0124000,0.0138000,0.0170000,0.0291000,0.0394000
2003-01-10,0.0125000,0.0141000,0.0180000,0.0312000,0.0410000
2003-01-17,0.0123000,0.0138000,0.0175000,0.0311000,0.0410000
2003-01-24,0.0120000,0.0132000,0.0167000,0.0296000,0.0397000
2003-01-31,0.0119000,0.0132000,0.0172000,0.0301000,0.0401000
2003-02-07,0.0119000,0.0132000,0.0169000,0.0302000,0.0398000
2003-02-14,0.0119000,0.0130000,0.0163000,0.0294000,0.0395000
2003-02-21,0.0120000,0.0130000,0.0162000,0.0287000,0.0389000
2003-02-28,0.0120000,0.0127000,0.0157000,0.0276000,0.0378000
2003-03-07,0.0118000,0.0122000,0.0147000,0.0261000,0.0365000
2003-03-14,0.0110000,0.0116000,0.0147000,0.0262000,0.0365000
2003-03-21,0.0118000,0.0132000,0.0172000,0.0297000,0.0397000
2003-03-28,0.0118000,0.0127000,0.0165000,0.0293000,0.0396000
2003-04-04,0.0111000,0.0119000,0.0154000,0.0284000,0.0390000
2003-04-11,0.0116000,0.0125000,0.0161000,0.0292000,0.0397000
2003-04-18,0.0121000,0.0133000,0.0170000,0.0298000,0.0399000
2003-04-25,0.0120000,0.0131000,0.0166000,0.0297000,0.0397000
2003-05-02,0.0116000,0.0125000,0.0156000,0.0288000,0.0392000
2003-05-09,0.0114000,0.0123000,0.0148000,0.0270000,0.0377000
2003-05-16,0.0110000,0.0120000,0.0144000,0.0252000,0.0356000
2003-05-23,0.0107000,0.0113000,0.0136000,0.0235000,0.0338000
2003-05-30,0.0109000,0.0113000,0.0133000,0.0232000,0.0339000
2003-06-06,0.0105000,0.0108000,0.0125000,0.0227000,0.0336000
2003-06-13,0.0093000,0.0097000,0.0114000,0.0213000,0.0320000
2003-06-20,0.0087000,0.0095000,0.0122000,0.0227000,0.0331000
2003-06-27,0.0091000,0.0102000,0.0128000,0.0236000,0.0342000
2003-07-04,0.0096000,0.0107000,0.0131000,0.0249000,0.0358000
2003-07-11,0.0096000,0.0108000,0.0135000,0.0260000,0.0372000
2003-07-18,0.0096000,0.0110000,0.0145000,0.0282000,0.0393000
2003-07-25,0.0098000,0.0113000,0.0156000,0.0308000,0.0418000
2003-08-01,0.0102000,0.0122000,0.0171000,0.0331000,0.0440000
2003-08-08,0.0104000,0.0126000,0.0177000,0.0324000,0.0434000
2003-08-15,0.0105000,0.0129000,0.0182000,0.0335000,0.0449000
2003-08-22,0.0105000,0.0133000,0.0189000,0.0339000,0.0447000
2003-08-29,0.0106000,0.0135000,0.0198000,0.0349000,0.0449000
2003-09-05,0.0105000,0.0133000,0.0192000,0.0351000,0.0452000
2003-09-12,0.0103000,0.0122000,0.0169000,0.0323000,0.0434000
2003-09-19,0.0102000,0.0121000,0.0165000,0.0310000,0.0423000
2003-09-26,0.0103000,0.0122000,0.0166000,0.0307000,0.0416000
2003-10-03,0.0101000,0.0117000,0.0154000,0.0294000,0.0405000
2003-10-10,0.0100000,0.0120000,0.0165000,0.0313000,0.0426000
2003-10-17,0.0102000,0.0129000,0.0185000,0.0332000,0.0442000
2003-10-24,0.0103000,0.0130000,0.0183000,0.0324000,0.0433000
2003-10-31,0.0104000,0.0130000,0.0181000,0.0322000,0.0431000
2003-11-07,0.0105000,0.0135000,0.0195000,0.0337000,0.0441000
2003-11-14,0.0105000,0.0136000,0.0197000,0.0336000,0.0436000
2003-11-21,0.0103000,0.0130000,0.0184000,0.0316000,0.0418000
2003-11-28,0.0104000,0.0135000,0.0197000,0.0327000,0.0425000
2003-12-05,0.0104000,0.0137000,0.0204000,0.0340000,0.0436000
2003-12-12,0.0102000,0.0131000,0.0190000,0.0327000,0.0429000
2003-12-19,0.0098000,0.0127000,0.0184000,0.0320000,0.0420000
2003-12-26,0.0100000,0.0128000,0.0186000,0.0322000,0.0421000
2004-01-02,0.0102000,0.0129000,0.0188000,0.0328000,0.0430000
2004-01-09,0.0102000,0.0129000,0.0183000,0.0324000,0.0427000
2004-01-16,0.0097000,0.0119000,0.0167000,0.0300000,0.0404000
2004-01-23,0.0097000,0.0120000,0.0169000,0.0302000,0.0405000
2004-01-30,0.0100000,0.0125000,0.0181000,0.0316000,0.0417000
2004-02-06,0.0102000,0.0128000,0.0181000,0.0316000,0.0416000
2004-02-13,0.0100000,0.0124000,0.0175000,0.0306000,0.0408000
2004-02-20,0.0100000,0.0123000,0.0172000,0.0304000,0.0406000
2004-02-27,0.0102000,0.0122000,0.0168000,0.0301000,0.0403000
2004-03-05,0.0102000,0.0123000,0.0169000,0.0298000,0.0400000
2004-03-12,0.0100000,0.0116000,0.0153000,0.0272000,0.0375000
2004-03-19,0.0101000,0.0118000,0.0154000,0.0270000,0.0375000
2004-03-26,0.0100000,0.0117000,0.0153000,0.0271000,0.0376000
2004-04-02,0.0102000,0.0123000,0.0167000,0.0291000,0.0395000
2004-04-09,0.0105000,0.0132000,0.0188000,0.0321000,0.0421000
2004-04-16,0.0109000,0.0141000,0.0204000,0.0338000,0.0436000
2004-04-23,0.0115000,0.0150000,0.0217000,0.0349000,0.0443000
2004-04-30,0.0117000,0.0155000,0.0229000,0.0360000,0.0449000
2004-05-07,0.0123000,0.0163000,0.0241000,0.0374000,0.0462000
2004-05-14,0.0134000,0.0183000,0.0262000,0.0396000,0.0481000
2004-05-21,0.0137000,0.0183000,0.0257000,0.0388000,0.0474000
2004-05-28,0.0139000,0.0182000,0.0254000,0.0383000,0.0468000
2004-06-04,0.0146000,0.0192000,0.0265000,0.0391000,0.0474000
2004-06-11,0.0159000,0.0207000,0.0275000,0.0398000,0.0480000
2004-06-18,0.0170000,0.0222000,0.0284000,0.0397000,0.0475000
2004-06-25,0.0169000,0.0216000,0.0277000,0.0389000,0.0469000
2004-07-02,0.0169000,0.0214000,0.0271000,0.0381000,0.0463000
2004-07-09,0.0165000,0.0204000,0.0256000,0.0365000,0.0449000
2004-07-16,0.0168000,0.0207000,0.0258000,0.0364000,0.0447000
2004-07-23,0.0170000,0.0212000,0.0266000,0.0367000,0.0446000
2004-07-30,0.0178000,0.0216000,0.0276000,0.0378000,0.0456000
2004-08-06,0.0175000,0.0207000,0.0260000,0.0361000,0.0441000
2004-08-13,0.0173000,0.0199000,0.0251000,0.0347000,0.0428000
2004-08-20,0.0175000,0.0198000,0.0246000,0.0341000,0.0423000
2004-08-27,0.0180000,0.0203000,0.0249000,0.0345000,0.0425000
2004-09-03,0.0182000,0.0203000,0.0247000,0.0339000,0.0419000
2004-09-10,0.0189000,0.0210000,0.0252000,0.0342000,0.0421000
2004-09-17,0.0188000,0.0209000,0.0249000,0.0335000,0.0414000
2004-09-24,0.0194000,0.0214000,0.0253000,0.0329000,0.0404000
2004-10-01,0.0200000,0.0220000,0.0260000,0.0335000,0.0410000
2004-10-08,0.0203000,0.0224000,0.0267000,0.0346000,0.0420000
2004-10-15,0.0200000,0.0218000,0.0253000,0.0331000,0.0408000
2004-10-22,0.0205000,0.0222000,0.0255000,0.0329000,0.0403000
2004-10-29,0.0212000,0.0227000,0.0257000,0.0330000,0.0405000
2004-11-05,0.0221000,0.0235000,0.0265000,0.0339000,0.0412000
2004-11-12,0.0230000,0.0247000,0.0282000,0.0353000,0.0422000
2004-11-19,0.0235000,0.0253000,0.0289000,0.0352000,0.0417000
2004-11-26,0.0241000,0.0260000,0.0299000,0.0360000,0.0420000
2004-12-03,0.0242000,0.0262000,0.0302000,0.0370000,0.0435000
2004-12-10,0.0243000,0.0260000,0.0293000,0.0356000,0.0419000
2004-12-17,0.0248000,0.0266000,0.0300000,0.0354000,0.0416000
2004-12-24,0.0254000,0.0271000,0.0304000,0.0358000,0.0421000
2004-12-31,0.0261000,0.0277000,0.0309000,0.0365000,0.0429000
2005-01-07,0.0263000,0.0282000,0.0318000,0.0371000,0.0428000
2005-01-14,0.0266000,0.0285000,0.0323000,0.0372000,0.0425000
2005-01-21,0.0268000,0.0287000,0.0322000,0.0370000,0.0419000
2005-01-28,0.0271000,0.0289000,0.0325000,0.0371000,0.0419000
2005-02-04,0.0277000,0.0295000,0.0331000,0.0372000,0.0414000
2005-02-11,0.0279000,0.0296000,0.0330000,0.0366000,0.0406000
2005-02-18,0.0286000,0.0305000,0.0340000,0.0377000,0.0416000
2005-02-25,0.0294000,0.0313000,0.0350000,0.0389000,0.0428000
2005-03-04,0.0300000,0.0320000,0.0358000,0.0400000,0.0437000
2005-03-11,0.0304000,0.0324000,0.0366000,0.0411000,0.0445000
2005-03-18,0.0310000,0.0331000,0.0373000,0.0418000,0.0451000
2005-03-25,0.0315000,0.0338000,0.0383000,0.0427000,0.0459000
2005-04-01,0.0315000,0.0338000,0.0384000,0.0424000,0.0455000
2005-04-08,0.0313000,0.0333000,0.0374000,0.0413000,0.0448000
2005-04-15,0.0315000,0.0332000,0.0365000,0.0402000,0.0437000
2005-04-22,0.0313000,0.0328000,0.0357000,0.0390000,0.0426000
2005-04-29,0.0317000,0.0333000,0.0364000,0.0391000,0.0424000
2005-05-06,0.0318000,0.0333000,0.0365000,0.0388000,0.0422000
2005-05-13,0.0318000,0.0335000,0.0368000,0.0391000,0.0421000
2005-05-20,0.0316000,0.0332000,0.0362000,0.0383000,0.0411000
2005-05-27,0.0316000,0.0332000,0.0363000,0.0381000,0.0407000
2005-06-03,0.0314000,0.0328000,0.0355000,0.0369000,0.0395000
2005-06-10,0.0314000,0.0330000,0.0362000,0.0375000,0.0397000
2005-06-17,0.0322000,0.0339000,0.0371000,0.0388000,0.0410000
2005-06-24,0.0327000,0.0340000,0.0365000,0.0377000,0.0400000
2005-07-01,0.0335000,0.0346000,0.0366000,0.0376000,0.0397000
2005-07-08,0.0340000,0.0352000,0.0376000,0.0387000,0.0409000
2005-07-15,0.0347000,0.0359000,0.0384000,0.0395000,0.0416000
2005-07-22,0.0357000,0.0368000,0.0391000,0.0402000,0.0422000
2005-07-29,0.0367000,0.0377000,0.0397000,0.0407000,0.0425000
2005-08-05,0.0373000,0.0384000,0.0405000,0.0417000,0.0434000
2005-08-12,0.0379000,0.0390000,0.0411000,0.0421000,0.0436000
2005-08-19,0.0380000,0.0389000,0.0404000,0.0411000,0.0424000
2005-08-26,0.0381000,0.0388000,0.0402000,0.0407000,0.0420000
2005-09-02,0.0372000,0.0377000,0.0387000,0.0394000,0.0409000
2005-09-09,0.0372000,0.0376000,0.0386000,0.0393000,0.0413000
2005-09-16,0.0378000,0.0382000,0.0391000,0.0398000,0.0419000
2005-09-23,0.0384000,0.0388000,0.0397000,0.0403000,0.0423000
2005-09-30,0.0389000,0.0397000,0.0411000,0.0413000,0.0430000
2005-10-07,0.0401000,0.0408000,0.0420000,0.0424000,0.0437000
2005-10-14,0.0409000,0.0414000,0.0424000,0.0431000,0.0445000
2005-10-21,0.0416000,0.0419000,0.0426000,0.0432000,0.0446000
2005-10-28,0.0421000,0.0426000,0.0435000,0.0442000,0.0455000
2005-11-04,0.0426000,0.0432000,0.0444000,0.0451000,0.0461000
2005-11-11,0.0431000,0.0435000,0.0446000,0.0452000,0.0460000
2005-11-18,0.0432000,0.0436000,0.0443000,0.0446000,0.0452000
2005-11-25,0.0427000,0.0430000,0.0435000,0.0436000,0.0445000
2005-12-02,0.0431000,0.0434000,0.0441000,0.0441000,0.0448000
2005-12-09,0.0431000,0.0435000,0.0442000,0.0443000,0.0452000
2005-12-16,0.0432000,0.0434000,0.0440000,0.0440000,0.0449000
2005-12-23,0.0435000,0.0437000,0.0440000,0.0438000,0.0445000
2005-12-30,0.0435000,0.0436000,0.0438000,0.0433000,0.0437000
2006-01-06,0.0438000,0.0437000,0.0433000,0.0430000,0.0437000
2006-01-13,0.0443000,0.0441000,0.0439000,0.0434000,0.0441000
2006-01-20,0.0447000,0.0443000,0.0435000,0.0429000,0.0436000
2006-01-27,0.0453000,0.0450000,0.0444000,0.0438000,0.0446000
2006-02-03,0.0461000,0.0460000,0.0457000,0.0449000,0.0455000
2006-02-10,0.0468000,0.0467000,0.0464000,0.0454000,0.0456000
2006-02-17,0.0470000,0.0470000,0.0469000,0.0459000,0.0459000
2006-02-24,0.0472000,0.0472000,0.0471000,0.0461000,0.0456000
2006-03-03,0.0475000,0.0474000,0.0472000,0.0466000,0.0461000
2006-03-10,0.0477000,0.0477000,0.0474000,0.0476000,0.0474000
2006-03-17,0.0480000,0.0476000,0.0467000,0.0467000,0.0471000
2006-03-24,0.0480000,0.0477000,0.0472000,0.0467000,0.0469000
2006-03-31,0.0482000,0.0482000,0.0480000,0.0478000,0.0480000
2006-04-07,0.0485000,0.0485000,0.0485000,0.0484000,0.0489000
2006-04-14,0.0491000,0.0491000,0.0491000,0.0491000,0.0498000
2006-04-21,0.0491000,0.0490000,0.0488000,0.0491000,0.0502000
2006-04-28,0.0494000,0.0494000,0.0492000,0.0495000,0.0507000
2006-05-05,0.0499000,0.0498000,0.0494000,0.0500000,0.0514000
2006-05-12,0.0502000,0.0501000,0.0499000,0.0503000,0.0514000
2006-05-19,0.0500000,0.0498000,0.0496000,0.0500000,0.0511000
2006-05-26,0.0501000,0.0499000,0.0496000,0.0495000,0.0505000
2006-06-02,0.0505000,0.0503000,0.0500000,0.0499000,0.0508000
2006-06-09,0.0506000,0.0504000,0.0500000,0.0495000,0.0501000
2006-06-16,0.0516000,0.0513000,0.0509000,0.0502000,0.0505000
2006-06-23,0.0525000,0.0524000,0.0522000,0.0516000,0.0518000
2006-06-30,0.0529000,0.0527000,0.0523000,0.0518000,0.0522000
2006-07-07,0.0531000,0.0527000,0.0520000,0.0514000,0.0518000
2006-07-14,0.0529000,0.0524000,0.0514000,0.0506000,0.0510000
2006-07-21,0.0528000,0.0522000,0.0511000,0.0503000,0.0507000
2006-07-28,0.0522000,0.0517000,0.0506000,0.0498000,0.0505000
2006-08-04,0.0518000,0.0510000,0.0496000,0.0489000,0.0496000
2006-08-11,0.0517000,0.0509000,0.0493000,0.0487000,0.0494000
2006-08-18,0.0519000,0.0510000,0.0492000,0.0485000,0.0490000
2006-08-25,0.0517000,0.0507000,0.0487000,0.0477000,0.0481000
2006-09-01,0.0514000,0.0503000,0.0483000,0.0473000,0.0476000
2006-09-08,0.0512000,0.0502000,0.0481000,0.0473000,0.0479000
2006-09-15,0.0511000,0.0502000,0.0483000,0.0473000,0.0479000
2006-09-22,0.0507000,0.0497000,0.0477000,0.0466000,0.0471000
2006-09-29,0.0501000,0.0490000,0.0467000,0.0456000,0.0460000
2006-10-06,0.0502000,0.0490000,0.0466000,0.0456000,0.0462000
2006-10-13,0.0512000,0.0503000,0.0485000,0.0474000,0.0478000
2006-10-20,0.0515000,0.0505000,0.0485000,0.0475000,0.0478000
2006-10-27,0.0518000,0.0507000,0.0485000,0.0474000,0.0477000
2006-11-03,0.0514000,0.0500000,0.0473000,0.0460000,0.0464000
2006-11-10,0.0516000,0.0503000,0.0476000,0.0462000,0.0464000
2006-11-17,0.0516000,0.0503000,0.0478000,0.0461000,0.0461000
2006-11-24,0.0515000,0.0501000,0.0475000,0.0458000,0.0458000
2006-12-01,0.0511000,0.0495000,0.0464000,0.0448000,0.0449000
2006-12-08,0.0505000,0.0490000,0.0458000,0.0444000,0.0448000
2006-12-15,0.0507000,0.0495000,0.0469000,0.0453000,0.0456000
2006-12-22,0.0508000,0.0496000,0.0470000,0.0456000,0.0460000
2006-12-29,0.0510000,0.0499000,0.0478000,0.0465000,0.0467000
2007-01-05,0.0509000,0.0498000,0.0476000,0.0465000,0.0466000
2007-01-12,0.0514000,0.0503000,0.0482000,0.0470000,0.0470000
2007-01-19,0.0516000,0.0508000,0.0490000,0.0476000,0.0477000
2007-01-26,0.0518000,0.0510000,0.0495000,0.0482000,0.0483000
2007-02-02,0.0517000,0.0510000,0.0496000,0.0485000,0.0486000
2007-02-09,0.0516000,0.0507000,0.0490000,0.0476000,0.0477000
2007-02-16,0.0516000,0.0507000,0.0488000,0.0474000,0.0475000
2007-02-23,0.0517000,0.0505000,0.0483000,0.0469000,0.0470000
2007-03-02,0.0512000,0.0496000,0.0464000,0.0451000,0.0455000
2007-03-09,0.0510000,0.0492000,0.0457000,0.0448000,0.0453000
2007-03-16,0.0512000,0.0493000,0.0457000,0.0446000,0.0454000
2007-03-23,0.0510000,0.0493000,0.0458000,0.0448000,0.0458000
2007-03-30,0.0508000,0.0490000,0.0457000,0.0451000,0.0463000
2007-04-06,0.0509000,0.0494000,0.0464000,0.0458000,0.0468000
2007-04-13,0.0510000,0.0497000,0.0473000,0.0466000,0.0474000
2007-04-20,0.0506000,0.0493000,0.0467000,0.0460000,0.0469000
2007-04-27,0.0503000,0.0490000,0.0463000,0.0456000,0.0467000
2007-05-04,0.0502000,0.0490000,0.0465000,0.0455000,0.0465000
2007-05-11,0.0498000,0.0489000,0.0470000,0.0456000,0.0465000
2007-05-18,0.0492000,0.0486000,0.0476000,0.0466000,0.0474000
2007-05-25,0.0500000,0.0495000,0.0484000,0.0477000,0.0484000
2007-06-01,0.0498000,0.0496000,0.0492000,0.0486000,0.0490000
2007-06-08,0.0497000,0.0498000,0.0499000,0.0498000,0.0502000
2007-06-15,0.0493000,0.0498000,0.0506000,0.0513000,0.0520000
2007-06-22,0.0494000,0.0495000,0.0496000,0.0504000,0.0514000
2007-06-29,0.0497000,0.0494000,0.0490000,0.0497000,0.0509000
2007-07-06,0.0502000,0.0499000,0.0493000,0.0500000,0.0510000
2007-07-13,0.0504000,0.0500000,0.0492000,0.0500000,0.0510000
2007-07-20,0.0506000,0.0499000,0.0486000,0.0493000,0.0503000
2007-07-27,0.0503000,0.0491000,0.0469000,0.0474000,0.0488000
2007-08-03,0.0496000,0.0483000,0.0455000,0.0460000,0.0477000
2007-08-10,0.0491000,0.0478000,0.0452000,0.0460000,0.0479000
2007-08-17,0.0452000,0.0444000,0.0428000,0.0442000,0.0470000
2007-08-24,0.0417000,0.0416000,0.0416000,0.0434000,0.0462000
2007-08-31,0.0438000,0.0430000,0.0416000,0.0428000,0.0455000
2007-09-07,0.0439000,0.0427000,0.0404000,0.0416000,0.0448000
2007-09-14,0.0423000,0.0415000,0.0398000,0.0412000,0.0442000
2007-09-21,0.0415000,0.0411000,0.0405000,0.0425000,0.0457000
2007-09-28,0.0408000,0.0405000,0.0399000,0.0426000,0.0461000
2007-10-05,0.0416000,0.0412000,0.0402000,0.0425000,0.0457000
2007-10-12,0.0428000,0.0424000,0.0417000,0.0438000,0.0467000
2007-10-19,0.0421000,0.0414000,0.0401000,0.0423000,0.0457000
2007-10-26,0.0407000,0.0397000,0.0378000,0.0404000,0.0439000
2007-11-02,0.0400000,0.0393000,0.0380000,0.0404000,0.0439000
2007-11-09,0.0378000,0.0372000,0.0358000,0.0389000,0.0432000
2007-11-16,0.0365000,0.0358000,0.0345000,0.0377000,0.0422000
2007-11-23,0.0341000,0.0330000,0.0310000,0.0348000,0.0404000
2007-11-30,0.0335000,0.0325000,0.0305000,0.0339000,0.0394000
2007-12-07,0.0327000,0.0317000,0.0297000,0.0335000,0.0397000
2007-12-14,0.0323000,0.0320000,0.0314000,0.0349000,0.0412000
2007-12-21,0.0335000,0.0328000,0.0317000,0.0352000,0.0412000
2007-12-28,0.0351000,0.0342000,0.0323000,0.0363000,0.0421000
2008-01-04,0.0333000,0.0318000,0.0288000,0.0329000,0.0394000
2008-01-11,0.0321000,0.0304000,0.0270000,0.0313000,0.0385000
2008-01-18,0.0301000,0.0283000,0.0248000,0.0297000,0.0372000
2008-01-25,0.0239000,0.0231000,0.0216000,0.0274000,0.0358000
2008-02-01,0.0225000,0.0223000,0.0221000,0.0284000,0.0367000
2008-02-08,0.0214000,0.0208000,0.0198000,0.0272000,0.0366000
2008-02-15,0.0211000,0.0204000,0.0192000,0.0273000,0.0372000
2008-02-22,0.0214000,0.0210000,0.0204000,0.0289000,0.0385000
2008-02-29,0.0200000,0.0198000,0.0194000,0.0280000,0.0378000
2008-03-07,0.0170000,0.0166000,0.0160000,0.0251000,0.0361000
2008-03-14,0.0149000,0.0152000,0.0159000,0.0247000,0.0351000
2008-03-21,0.0126000,0.0135000,0.0152000,0.0234000,0.0339000
2008-03-28,0.0153000,0.0160000,0.0175000,0.0258000,0.0352000
2008-04-04,0.0154000,0.0163000,0.0181000,0.0264000,0.0355000
2008-04-11,0.0152000,0.0163000,0.0184000,0.0266000,0.0354000
2008-04-18,0.0152000,0.0167000,0.0198000,0.0279000,0.0367000
2008-04-25,0.0167000,0.0188000,0.0230000,0.0305000,0.0381000
2008-05-02,0.0171000,0.0193000,0.0237000,0.0310000,0.0383000
2008-05-09,0.0175000,0.0194000,0.0232000,0.0307000,0.0385000
2008-05-16,0.0189000,0.0207000,0.0244000,0.0312000,0.0386000
2008-05-23,0.0192000,0.0209000,0.0244000,0.0312000,0.0384000
2008-05-30,0.0197000,0.0219000,0.0263000,0.0336000,0.0403000
2008-06-06,0.0200000,0.0214000,0.0247000,0.0326000,0.0398000
2008-06-13,0.0222000,0.0251000,0.0291000,0.0357000,0.0415000
2008-06-20,0.0231000,0.0257000,0.0294000,0.0364000,0.0420000
2008-06-27,0.0221000,0.0246000,0.0280000,0.0350000,0.0409000
2008-07-04,0.0212000,0.0235000,0.0260000,0.0332000,0.0400000
2008-07-11,0.0205000,0.0225000,0.0248000,0.0318000,0.0390000
2008-07-18,0.0191000,0.0221000,0.0251000,0.0326000,0.0398000
2008-07-25,0.0193000,0.0233000,0.0270000,0.0344000,0.0411000
2008-08-01,0.0191000,0.0230000,0.0258000,0.0331000,0.0404000
2008-08-08,0.0195000,0.0223000,0.0251000,0.0324000,0.0399000
2008-08-15,0.0202000,0.0218000,0.0247000,0.0318000,0.0391000
2008-08-22,0.0196000,0.0212000,0.0233000,0.0307000,0.0383000
2008-08-29,0.0196000,0.0217000,0.0234000,0.0306000,0.0379000
2008-09-05,0.0191000,0.0208000,0.0224000,0.0293000,0.0369000
2008-09-12,0.0187000,0.0205000,0.0223000,0.0292000,0.0366000
2008-09-19,0.0129000,0.0169000,0.0185000,0.0269000,0.0354000
2008-09-26,0.0159000,0.0195000,0.0211000,0.0302000,0.0384000
2008-10-03,0.0139000,0.0159000,0.0175000,0.0277000,0.0370000
2008-10-10,0.0105000,0.0124000,0.0156000,0.0263000,0.0369000
2008-10-17,0.0111000,0.0125000,0.0168000,0.0290000,0.0402000
2008-10-24,0.0156000,0.0166000,0.0159000,0.0264000,0.0374000
2008-10-31,0.0113000,0.0144000,0.0159000,0.0277000,0.0392000
2008-11-07,0.0093000,0.0124000,0.0136000,0.0256000,0.0382000
2008-11-14,0.0087000,0.0112000,0.0123000,0.0241000,0.0378000
2008-11-21,0.0064000,0.0096000,0.0111000,0.0212000,0.0338000
2008-11-28,0.0050000,0.0093000,0.0114000,0.0206000,0.0310000
2008-12-05,0.0034000,0.0069000,0.0088000,0.0163000,0.0266000
2008-12-12,0.0023000,0.0050000,0.0085000,0.0162000,0.0267000
2008-12-19,0.0020000,0.0045000,0.0071000,0.0136000,0.0226000
2008-12-26,0.0025000,0.0040000,0.0089000,0.0150000,0.0218000
2009-01-02,0.0027000,0.0037000,0.0079000,0.0155000,0.0224000
2009-01-09,0.0030000,0.0044000,0.0080000,0.0162000,0.0248000
2009-01-16,0.0029000,0.0043000,0.0074000,0.0142000,0.0230000
2009-01-23,0.0030000,0.0043000,0.0077000,0.0158000,0.0256000
2009-01-30,0.0034000,0.0049000,0.0090000,0.0174000,0.0275000
2009-02-06,0.0041000,0.0054000,0.0096000,0.0188000,0.0292000
2009-02-13,0.0045000,0.0060000,0.0095000,0.0183000,0.0288000
2009-02-20,0.0049000,0.0064000,0.0095000,0.0179000,0.0275000
2009-02-27,0.0049000,0.0072000,0.0103000,0.0197000,0.0291000
2009-03-06,0.0042000,0.0068000,0.0092000,0.0187000,0.0290000
2009-03-13,0.0045000,0.0070000,0.0100000,0.0193000,0.0292000
2009-03-20,0.0042000,0.0064000,0.0093000,0.0175000,0.0275000
2009-03-27,0.0040000,0.0059000,0.0092000,0.0176000,0.0274000
2009-04-03,0.0042000,0.0058000,0.0086000,0.0173000,0.0276000
2009-04-10,0.0039000,0.0060000,0.0094000,0.0188000,0.0293000
2009-04-17,0.0035000,0.0055000,0.0090000,0.0179000,0.0287000
2009-04-24,0.0032000,0.0052000,0.0097000,0.0189000,0.0296000
2009-05-01,0.0030000,0.0050000,0.0092000,0.0198000,0.0310000
2009-05-08,0.0032000,0.0053000,0.0098000,0.0209000,0.0323000
2009-05-15,0.0029000,0.0052000,0.0089000,0.0201000,0.0314000
2009-05-22,0.0029000,0.0047000,0.0090000,0.0213000,0.0329000
2009-05-29,0.0030000,0.0049000,0.0095000,0.0238000,0.0359000
2009-06-05,0.0029000,0.0050000,0.0102000,0.0258000,0.0370000
2009-06-12,0.0031000,0.0056000,0.0136000,0.0288000,0.0389000
2009-06-19,0.0031000,0.0051000,0.0124000,0.0276000,0.0375000
2009-06-26,0.0032000,0.0048000,0.0114000,0.0266000,0.0363000
2009-07-03,0.0034000,0.0053000,0.0106000,0.0250000,0.0353000
2009-07-10,0.0027000,0.0046000,0.0094000,0.0231000,0.0342000
2009-07-17,0.0028000,0.0048000,0.0099000,0.0243000,0.0355000
2009-07-24,0.0028000,0.0047000,0.0101000,0.0248000,0.0362000
2009-07-31,0.0026000,0.0049000,0.0114000,0.0263000,0.0367000
2009-08-07,0.0029000,0.0049000,0.0123000,0.0273000,0.0377000
2009-08-14,0.0028000,0.0047000,0.0116000,0.0265000,0.0367000
2009-08-21,0.0026000,0.0044000,0.0105000,0.0247000,0.0348000
2009-08-28,0.0026000,0.0045000,0.0104000,0.0248000,0.0346000
2009-09-04,0.0023000,0.0042000,0.0093000,0.0233000,0.0337000
2009-09-11,0.0022000,0.0040000,0.0092000,0.0234000,0.0341000
2009-09-18,0.0020000,0.0040000,0.0098000,0.0243000,0.0346000
2009-09-25,0.0020000,0.0041000,0.0098000,0.0241000,0.0343000
2009-10-02,0.0017000,0.0039000,0.0094000,0.0228000,0.0328000
2009-10-09,0.0015000,0.0036000,0.0091000,0.0224000,0.0328000
2009-10-16,0.0016000,0.0036000,0.0095000,0.0236000,0.0343000
2009-10-23,0.0017000,0.0039000,0.0099000,0.0238000,0.0343000
2009-10-30,0.0017000,0.0039000,0.0098000,0.0241000,0.0349000
2009-11-06,0.0016000,0.0036000,0.0090000,0.0235000,0.0353000
2009-11-13,0.0017000,0.0033000,0.0084000,0.0230000,0.0348000
2009-11-20,0.0015000,0.0029000,0.0076000,0.0219000,0.0335000
2009-11-27,0.0014000,0.0027000,0.0073000,0.0212000,0.0330000
2009-12-04,0.0016000,0.0029000,0.0073000,0.0210000,0.0334000
2009-12-11,0.0015000,0.0032000,0.0078000,0.0218000,0.0347000
2009-12-18,0.0016000,0.0037000,0.0084000,0.0231000,0.0356000
2009-12-25,0.0018000,0.0041000,0.0095000,0.0250000,0.0376000
2010-01-01,0.0020000,0.0047000,0.0110000,0.0264000,0.0383000
2010-01-08,0.0016000,0.0041000,0.0102000,0.0260000,0.0383000
2010-01-15,0.0014000,0.0035000,0.0093000,0.0251000,0.0377000
2010-01-22,0.0014000,0.0031000,0.0089000,0.0242000,0.0366000
2010-01-29,0.0015000,0.0031000,0.0086000,0.0239000,0.0366000
2010-02-05,0.0017000,0.0033000,0.0083000,0.0233000,0.0366000
2010-02-12,0.0018000,0.0035000,0.0086000,0.0234000,0.0369000
2010-02-19,0.0019000,0.0036000,0.0089000,0.0242000,0.0374000
2010-02-26,0.0019000,0.0034000,0.0086000,0.0237000,0.0369000
2010-03-05,0.0019000,0.0034000,0.0084000,0.0229000,0.0363000
2010-03-12,0.0022000,0.0039000,0.0093000,0.0239000,0.0372000
2010-03-19,0.0024000,0.0041000,0.0097000,0.0242000,0.0368000
2010-03-26,0.0024000,0.0042000,0.0105000,0.0255000,0.0379000
2010-04-02,0.0024000,0.0043000,0.0106000,0.0260000,0.0389000
2010-04-09,0.0025000,0.0047000,0.0111000,0.0267000,0.0394000
2010-04-16,0.0024000,0.0044000,0.0105000,0.0257000,0.0385000
2010-04-23,0.0024000,0.0044000,0.0105000,0.0256000,0.0381000
2010-04-30,0.0024000,0.0043000,0.0103000,0.0250000,0.0376000
2010-05-07,0.0022000,0.0039000,0.0088000,0.0229000,0.0356000
2010-05-14,0.0022000,0.0038000,0.0085000,0.0225000,0.0354000
2010-05-21,0.0023000,0.0035000,0.0078000,0.0210000,0.0333000
2010-05-28,0.0023000,0.0036000,0.0081000,0.0208000,0.0325000
2010-06-04,0.0022000,0.0036000,0.0079000,0.0210000,0.0331000
2010-06-11,0.0018000,0.0033000,0.0075000,0.0201000,0.0322000
2010-06-18,0.0016000,0.0030000,0.0075000,0.0206000,0.0326000
2010-06-25,0.0019000,0.0029000,0.0069000,0.0196000,0.0317000
2010-07-02,0.0022000,0.0031000,0.0062000,0.0180000,0.0299000
2010-07-09,0.0020000,0.0031000,0.0063000,0.0180000,0.0302000
2010-07-16,0.0020000,0.0028000,0.0063000,0.0181000,0.0305000
2010-07-23,0.0020000,0.0027000,0.0060000,0.0171000,0.0297000
2010-07-30,0.0020000,0.0030000,0.0060000,0.0173000,0.0302000
2010-08-06,0.0020000,0.0027000,0.0054000,0.0158000,0.0294000
2010-08-13,0.0019000,0.0025000,0.0054000,0.0148000,0.0276000
2010-08-20,0.0019000,0.0025000,0.0050000,0.0144000,0.0261000
2010-08-27,0.0019000,0.0026000,0.0052000,0.0141000,0.0256000
2010-09-03,0.0019000,0.0025000,0.0050000,0.0141000,0.0259000
2010-09-10,0.0019000,0.0026000,0.0054000,0.0151000,0.0271000
2010-09-17,0.0020000,0.0026000,0.0050000,0.0147000,0.0274000
2010-09-24,0.0020000,0.0025000,0.0045000,0.0136000,0.0261000
2010-10-01,0.0019000,0.0026000,0.0042000,0.0127000,0.0252000
2010-10-08,0.0017000,0.0024000,0.0038000,0.0117000,0.0245000
2010-10-15,0.0017000,0.0022000,0.0037000,0.0116000,0.0250000
2010-10-22,0.0018000,0.0022000,0.0036000,0.0114000,0.0254000
2010-10-29,0.0018000,0.0023000,0.0038000,0.0124000,0.0267000
2010-11-05,0.0016000,0.0022000,0.0035000,0.0111000,0.0261000
2010-11-12,0.0016000,0.0024000,0.0046000,0.0125000,0.0268000
2010-11-19,0.0019000,0.0027000,0.0052000,0.0151000,0.0289000
2010-11-26,0.0020000,0.0027000,0.0050000,0.0148000,0.0284000
2010-12-03,0.0020000,0.0028000,0.0051000,0.0159000,0.0293000
2010-12-10,0.0018000,0.0029000,0.0057000,0.0180000,0.0318000
2010-12-17,0.0019000,0.0030000,0.0064000,0.0203000,0.0342000
2010-12-24,0.0019000,0.0030000,0.0064000,0.0202000,0.0337000
2010-12-31,0.0020000,0.0030000,0.0067000,0.0207000,0.0338000
2011-01-07,0.0019000,0.0029000,0.0065000,0.0204000,0.0340000
2011-01-14,0.0018000,0.0027000,0.0060000,0.0196000,0.0336000
2011-01-21,0.0019000,0.0027000,0.0062000,0.0201000,0.0342000
2011-01-28,0.0017000,0.0026000,0.0060000,0.0198000,0.0340000
2011-02-04,0.0018000,0.0028000,0.0067000,0.0210000,0.0354000
2011-02-11,0.0017000,0.0030000,0.0083000,0.0236000,0.0368000
2011-02-18,0.0016000,0.0029000,0.0083000,0.0234000,0.0360000
2011-02-25,0.0016000,0.0027000,0.0073000,0.0218000,0.0346000
2011-03-04,0.0017000,0.0026000,0.0070000,0.0217000,0.0347000
2011-03-11,0.0015000,0.0025000,0.0068000,0.0214000,0.0346000
2011-03-18,0.0014000,0.0023000,0.0061000,0.0195000,0.0329000
2011-03-25,0.0016000,0.0026000,0.0071000,0.0210000,0.0338000
2011-04-01,0.0017000,0.0030000,0.0080000,0.0223000,0.0347000
2011-04-08,0.0013000,0.0027000,0.0082000,0.0228000,0.0354000
2011-04-15,0.0012000,0.0024000,0.0077000,0.0222000,0.0351000
2011-04-22,0.0011000,0.0024000,0.0069000,0.0212000,0.0341000
2011-04-29,0.0011000,0.0022000,0.0064000,0.0204000,0.0336000
2011-05-06,0.0008000,0.0020000,0.0059000,0.0192000,0.0324000
2011-05-13,0.0007000,0.0018000,0.0057000,0.0187000,0.0320000
2011-05-20,0.0008000,0.0019000,0.0055000,0.0183000,0.0315000
2011-05-27,0.0010000,0.0019000,0.0052000,0.0177000,0.0310000
2011-06-03,0.0011000,0.0018000,0.0044000,0.0163000,0.0301000
2011-06-10,0.0010000,0.0018000,0.0041000,0.0158000,0.0300000
2011-06-17,0.0011000,0.0018000,0.0040000,0.0158000,0.0299000
2011-06-24,0.0009000,0.0017000,0.0037000,0.0152000,0.0296000
2011-07-01,0.0010000,0.0019000,0.0046000,0.0167000,0.0311000
2011-07-08,0.0007000,0.0019000,0.0044000,0.0167000,0.0312000
2011-07-15,0.0006000,0.0016000,0.0037000,0.0148000,0.0294000
2011-07-22,0.0008000,0.0018000,0.0039000,0.0150000,0.0297000
2011-07-29,0.0012000,0.0021000,0.0041000,0.0150000,0.0297000
2011-08-05,0.0009000,0.0016000,0.0032000,0.0123000,0.0262000
2011-08-12,0.0007000,0.0011000,0.0021000,0.0099000,0.0227000
2011-08-19,0.0006000,0.0011000,0.0020000,0.0093000,0.0217000
2011-08-26,0.0003000,0.0010000,0.0022000,0.0097000,0.0219000
2011-09-02,0.0005000,0.0010000,0.0020000,0.0093000,0.0217000
2011-09-09,0.0006000,0.0012000,0.0020000,0.0087000,0.0199000
2011-09-16,0.0004000,0.0010000,0.0020000,0.0091000,0.0203000
2011-09-23,0.0003000,0.0010000,0.0020000,0.0085000,0.0187000
2011-09-30,0.0004000,0.0011000,0.0026000,0.0096000,0.0197000
2011-10-07,0.0004000,0.0011000,0.0027000,0.0096000,0.0193000
2011-10-14,0.0006000,0.0011000,0.0030000,0.0114000,0.0222000
2011-10-21,0.0006000,0.0012000,0.0028000,0.0107000,0.0220000
2011-10-28,0.0006000,0.0012000,0.0029000,0.0111000,0.0228000
2011-11-04,0.0004000,0.0012000,0.0023000,0.0091000,0.0207000
2011-11-11,0.0004000,0.0010000,0.0025000,0.0090000,0.0205000
2011-11-18,0.0004000,0.0011000,0.0026000,0.0091000,0.0202000
2011-11-25,0.0006000,0.0012000,0.0027000,0.0091000,0.0194000
2011-12-02,0.0006000,0.0013000,0.0026000,0.0094000,0.0204000
2011-12-09,0.0005000,0.0011000,0.0024000,0.0090000,0.0204000
2011-12-16,0.0005000,0.0011000,0.0025000,0.0085000,0.0194000
2011-12-23,0.0004000,0.0012000,0.0027000,0.0090000,0.0195000
2011-12-30,0.0006000,0.0012000,0.0028000,0.0090000,0.0194000
2012-01-06,0.0006000,0.0012000,0.0026000,0.0088000,0.0199000
2012-01-13,0.0005000,0.0011000,0.0024000,0.0083000,0.0195000
2012-01-20,0.0007000,0.0011000,0.0024000,0.0085000,0.0196000
2012-01-27,0.0007000,0.0012000,0.0023000,0.0084000,0.0201000
2012-02-03,0.0009000,0.0013000,0.0023000,0.0073000,0.0188000
2012-02-10,0.0011000,0.0015000,0.0026000,0.0081000,0.0199000
2012-02-17,0.0014000,0.0017000,0.0029000,0.0084000,0.0197000
2012-02-24,0.0014000,0.0017000,0.0031000,0.0089000,0.0201000
2012-03-02,0.0013000,0.0018000,0.0030000,0.0086000,0.0197000
2012-03-09,0.0014000,0.0018000,0.0031000,0.0087000,0.0200000
2012-03-16,0.0015000,0.0020000,0.0036000,0.0106000,0.0221000
2012-03-23,0.0015000,0.0020000,0.0039000,0.0116000,0.0232000
2012-03-30,0.0014000,0.0018000,0.0034000,0.0105000,0.0222000
2012-04-06,0.0014000,0.0019000,0.0034000,0.0102000,0.0221000
2012-04-13,0.0014000,0.0018000,0.0029000,0.0088000,0.0204000
2012-04-20,0.0013000,0.0018000,0.0027000,0.0086000,0.0200000
2012-04-27,0.0014000,0.0018000,0.0026000,0.0084000,0.0198000
2012-05-04,0.0015000,0.0019000,0.0027000,0.0082000,0.0195000
2012-05-11,0.0015000,0.0018000,0.0027000,0.0077000,0.0188000
2012-05-18,0.0015000,0.0020000,0.0030000,0.0074000,0.0174000
2012-05-25,0.0014000,0.0021000,0.0029000,0.0076000,0.0176000
2012-06-01,0.0013000,0.0019000,0.0027000,0.0069000,0.0161000
2012-06-08,0.0014000,0.0018000,0.0026000,0.0070000,0.0161000
2012-06-15,0.0015000,0.0018000,0.0029000,0.0071000,0.0162000
2012-06-22,0.0015000,0.0019000,0.0031000,0.0073000,0.0164000
2012-06-29,0.0016000,0.0021000,0.0031000,0.0072000,0.0164000
2012-07-06,0.0015000,0.0020000,0.0029000,0.0067000,0.0161000
2012-07-13,0.0015000,0.0020000,0.0026000,0.0063000,0.0152000
2012-07-20,0.0014000,0.0018000,0.0023000,0.0061000,0.0152000
2012-07-27,0.0015000,0.0017000,0.0023000,0.0059000,0.0147000
2012-08-03,0.0014000,0.0017000,0.0024000,0.0062000,0.0154000
2012-08-10,0.0014000,0.0018000,0.0027000,0.0071000,0.0165000
2012-08-17,0.0014000,0.0019000,0.0028000,0.0078000,0.0176000
2012-08-24,0.0013000,0.0019000,0.0028000,0.0075000,0.0174000
2012-08-31,0.0014000,0.0017000,0.0026000,0.0067000,0.0163000
2012-09-07,0.0014000,0.0017000,0.0025000,0.0064000,0.0164000
2012-09-14,0.0013000,0.0018000,0.0025000,0.0068000,0.0176000
2012-09-21,0.0014000,0.0018000,0.0026000,0.0070000,0.0181000
2012-09-28,0.0014000,0.0017000,0.0026000,0.0065000,0.0168000
2012-10-05,0.0014000,0.0017000,0.0024000,0.0063000,0.0167000
2012-10-12,0.0015000,0.0018000,0.0027000,0.0067000,0.0171000
2012-10-19,0.0015000,0.0018000,0.0029000,0.0074000,0.0179000
2012-10-26,0.0015000,0.0019000,0.0030000,0.0078000,0.0181000
2012-11-02,0.0016000,0.0018000,0.0030000,0.0073000,0.0174000
2012-11-09,0.0015000,0.0019000,0.0028000,0.0068000,0.0168000
2012-11-16,0.0014000,0.0017000,0.0025000,0.0063000,0.0159000
2012-11-23,0.0014000,0.0017000,0.0027000,0.0068000,0.0167000
2012-11-30,0.0014000,0.0018000,0.0026000,0.0064000,0.0163000
2012-12-07,0.0014000,0.0018000,0.0025000,0.0062000,0.0162000
2012-12-14,0.0011000,0.0015000,0.0025000,0.0066000,0.0169000
2012-12-21,0.0011000,0.0015000,0.0027000,0.0076000,0.0180000
2012-12-28,0.0012000,0.0016000,0.0026000,0.0074000,0.0176000
2013-01-04,0.0012000,0.0015000,0.0027000,0.0078000,0.0187000
2013-01-11,0.0010000,0.0014000,0.0026000,0.0079000,0.0190000
2013-01-18,0.0011000,0.0014000,0.0026000,0.0077000,0.0187000
2013-01-25,0.0010000,0.0015000,0.0026000,0.0079000,0.0190000
2013-02-01,0.0011000,0.0015000,0.0028000,0.0089000,0.0202000
2013-02-08,0.0011000,0.0015000,0.0026000,0.0085000,0.0200000
2013-02-15,0.0012000,0.0015000,0.0028000,0.0088000,0.0201000
2013-02-22,0.0013000,0.0017000,0.0027000,0.0087000,0.0200000
2013-03-01,0.0013000,0.0017000,0.0025000,0.0077000,0.0188000
2013-03-08,0.0012000,0.0015000,0.0025000,0.0082000,0.0196000
2013-03-15,0.0012000,0.0015000,0.0027000,0.0088000,0.0204000
2013-03-22,0.0011000,0.0015000,0.0026000,0.0080000,0.0194000
2013-03-29,0.0011000,0.0014000,0.0025000,0.0078000,0.0190000
2013-04-05,0.0010000,0.0013000,0.0024000,0.0073000,0.0181000
2013-04-12,0.0010000,0.0012000,0.0024000,0.0072000,0.0179000
2013-04-19,0.0009000,0.0012000,0.0024000,0.0071000,0.0173000
2013-04-26,0.0009000,0.0012000,0.0023000,0.0070000,0.0173000
2013-05-03,0.0008000,0.0011000,0.0021000,0.0068000,0.0170000
2013-05-10,0.0008000,0.0011000,0.0023000,0.0076000,0.0183000
2013-05-17,0.0008000,0.0012000,0.0025000,0.0083000,0.0193000
2013-05-24,0.0008000,0.0012000,0.0026000,0.0088000,0.0199000
2013-05-31,0.0008000,0.0014000,0.0030000,0.0103000,0.0214000
2013-06-07,0.0008000,0.0014000,0.0031000,0.0104000,0.0212000
2013-06-14,0.0008000,0.0014000,0.0032000,0.0111000,0.0220000
2013-06-21,0.0008000,0.0013000,0.0031000,0.0122000,0.0233000
2013-06-28,0.0011000,0.0016000,0.0039000,0.0144000,0.0255000
2013-07-05,0.0008000,0.0015000,0.0036000,0.0145000,0.0256000
2013-07-12,0.0007000,0.0013000,0.0037000,0.0148000,0.0264000
2013-07-19,0.0007000,0.0011000,0.0033000,0.0135000,0.0254000
2013-07-26,0.0007000,0.0011000,0.0032000,0.0136000,0.0257000
2013-08-02,0.0007000,0.0011000,0.0032000,0.0140000,0.0264000
2013-08-09,0.0008000,0.0012000,0.0032000,0.0138000,0.0262000
2013-08-16,0.0008000,0.0012000,0.0034000,0.0150000,0.0273000
2013-08-23,0.0007000,0.0014000,0.0038000,0.0164000,0.0286000
2013-08-30,0.0006000,0.0013000,0.0039000,0.0160000,0.0276000
2013-09-06,0.0005000,0.0015000,0.0047000,0.0176000,0.0292000
2013-09-13,0.0003000,0.0013000,0.0046000,0.0173000,0.0292000
2013-09-20,0.0004000,0.0011000,0.0036000,0.0154000,0.0279000
2013-09-27,0.0004000,0.0010000,0.0035000,0.0143000,0.0266000
2013-10-04,0.0004000,0.0011000,0.0033000,0.0139000,0.0264000
2013-10-11,0.0007000,0.0014000,0.0037000,0.0143000,0.0268000
2013-10-18,0.0011000,0.0014000,0.0034000,0.0139000,0.0266000
2013-10-25,0.0007000,0.0011000,0.0032000,0.0132000,0.0255000
2013-11-01,0.0008000,0.0011000,0.0032000,0.0132000,0.0257000
2013-11-08,0.0009000,0.0011000,0.0031000,0.0136000,0.0268000
2013-11-15,0.0010000,0.0013000,0.0032000,0.0140000,0.0274000
2013-11-22,0.0010000,0.0013000,0.0030000,0.0137000,0.0274000
2013-11-29,0.0011000,0.0013000,0.0029000,0.0136000,0.0274000
2013-12-06,0.0010000,0.0013000,0.0030000,0.0146000,0.0284000
2013-12-13,0.0010000,0.0014000,0.0032000,0.0151000,0.0286000
2013-12-20,0.0009000,0.0013000,0.0034000,0.0158000,0.0289000
2013-12-27,0.0009000,0.0013000,0.0040000,0.0172000,0.0299000
2014-01-03,0.0010000,0.0013000,0.0039000,0.0173000,0.0301000
2014-01-10,0.0007000,0.0013000,0.0041000,0.0171000,0.0296000
2014-01-17,0.0006000,0.0011000,0.0040000,0.0165000,0.0286000
2014-01-24,0.0006000,0.0011000,0.0040000,0.0165000,0.0282000
2014-01-31,0.0007000,0.0011000,0.0036000,0.0155000,0.0273000
2014-02-07,0.0008000,0.0012000,0.0031000,0.0148000,0.0268000
2014-02-14,0.0009000,0.0012000,0.0033000,0.0153000,0.0275000
2014-02-21,0.0008000,0.0012000,0.0033000,0.0154000,0.0273000
2014-02-28,0.0008000,0.0011000,0.0034000,0.0152000,0.0269000
2014-03-07,0.0008000,0.0012000,0.0035000,0.0155000,0.0271000
2014-03-14,0.0008000,0.0012000,0.0036000,0.0159000,0.0272000
2014-03-21,0.0008000,0.0014000,0.0042000,0.0167000,0.0274000
2014-03-28,0.0007000,0.0013000,0.0046000,0.0173000,0.0272000
2014-04-04,0.0006000,0.0012000,0.0045000,0.0175000,0.0277000
2014-04-11,0.0006000,0.0010000,0.0038000,0.0163000,0.0268000
2014-04-18,0.0005000,0.0011000,0.0040000,0.0167000,0.0267000
2014-04-25,0.0005000,0.0011000,0.0043000,0.0174000,0.0271000
2014-05-02,0.0005000,0.0010000,0.0043000,0.0170000,0.0266000
2014-05-09,0.0005000,0.0010000,0.0041000,0.0165000,0.0262000
2014-05-16,0.0005000,0.0009000,0.0039000,0.0159000,0.0257000
2014-05-23,0.0005000,0.0009000,0.0036000,0.0155000,0.0254000
2014-05-30,0.0006000,0.0010000,0.0038000,0.0153000,0.0247000
2014-06-06,0.0006000,0.0010000,0.0040000,0.0164000,0.0259000
2014-06-13,0.0006000,0.0011000,0.0044000,0.0169000,0.0262000
2014-06-20,0.0006000,0.0010000,0.0049000,0.0172000,0.0263000
2014-06-27,0.0006000,0.0011000,0.0047000,0.0168000,0.0257000
2014-07-04,0.0006000,0.0011000,0.0049000,0.0168000,0.0260000
2014-07-11,0.0006000,0.0011000,0.0050000,0.0169000,0.0257000
2014-07-18,0.0006000,0.0011000,0.0049000,0.0169000,0.0253000
2014-07-25,0.0006000,0.0011000,0.0051000,0.0169000,0.0249000
2014-08-01,0.0006000,0.0012000,0.0053000,0.0173000,0.0253000
2014-08-08,0.0005000,0.0011000,0.0046000,0.0164000,0.0247000
2014-08-15,0.0005000,0.0010000,0.0044000,0.0159000,0.0241000
2014-08-22,0.0006000,0.0011000,0.0048000,0.0163000,0.0241000
2014-08-29,0.0005000,0.0011000,0.0051000,0.0166000,0.0237000
2014-09-05,0.0005000,0.0010000,0.0053000,0.0170000,0.0244000
2014-09-12,0.0005000,0.0011000,0.0057000,0.0178000,0.0254000
2014-09-19,0.0004000,0.0012000,0.0058000,0.0182000,0.0261000
2014-09-26,0.0003000,0.0010000,0.0058000,0.0179000,0.0255000
2014-10-03,0.0004000,0.0011000,0.0056000,0.0173000,0.0247000
2014-10-10,0.0005000,0.0010000,0.0049000,0.0161000,0.0236000
2014-10-17,0.0005000,0.0010000,0.0037000,0.0141000,0.0219000
2014-10-24,0.0006000,0.0011000,0.0040000,0.0147000,0.0225000
2014-10-31,0.0006000,0.0011000,0.0046000,0.0157000,0.0232000
2014-11-07,0.0006000,0.0012000,0.0052000,0.0163000,0.0236000
2014-11-14,0.0007000,0.0014000,0.0054000,0.0164000,0.0236000
2014-11-21,0.0007000,0.0014000,0.0053000,0.0164000,0.0233000
2014-11-28,0.0007000,0.0014000,0.0051000,0.0156000,0.0225000
2014-12-05,0.0008000,0.0015000,0.0056000,0.0160000,0.0227000
2014-12-12,0.0010000,0.0020000,0.0061000,0.0161000,0.0219000
2014-12-19,0.0011000,0.0023000,0.0063000,0.0161000,0.0214000
2014-12-26,0.0014000,0.0027000,0.0073000,0.0174000,0.0224000
2015-01-02,0.0012000,0.0025000,0.0069000,0.0167000,0.0218000
2015-01-09,0.0009000,0.0024000,0.0063000,0.0150000,0.0200000
2015-01-16,0.0008000,0.0018000,0.0051000,0.0132000,0.0186000
2015-01-23,0.0008000,0.0017000,0.0053000,0.0135000,0.0185000
2015-01-30,0.0008000,0.0017000,0.0051000,0.0128000,0.0177000
2015-02-06,0.0007000,0.0021000,0.0054000,0.0131000,0.0181000
2015-02-13,0.0007000,0.0024000,0.0065000,0.0151000,0.0200000
2015-02-20,0.0007000,0.0024000,0.0067000,0.0158000,0.0211000
2015-02-27,0.0007000,0.0022000,0.0063000,0.0151000,0.0201000
2015-03-06,0.0008000,0.0025000,0.0068000,0.0161000,0.0213000
2015-03-13,0.0010000,0.0025000,0.0069000,0.0161000,0.0214000
2015-03-20,0.0013000,0.0025000,0.0063000,0.0149000,0.0200000
2015-03-27,0.0012000,0.0026000,0.0059000,0.0142000,0.0194000
2015-04-03,0.0012000,0.0025000,0.0055000,0.0134000,0.0191000
2015-04-10,0.0010000,0.0022000,0.0054000,0.0136000,0.0193000
2015-04-17,0.0009000,0.0023000,0.0052000,0.0133000,0.0190000
2015-04-24,0.0010000,0.0024000,0.0055000,0.0136000,0.0194000
2015-05-01,0.0007000,0.0025000,0.0057000,0.0142000,0.0203000
2015-05-08,0.0008000,0.0024000,0.0062000,0.0154000,0.0219000
2015-05-15,0.0009000,0.0024000,0.0059000,0.0154000,0.0224000
2015-05-22,0.0008000,0.0023000,0.0061000,0.0156000,0.0223000
2015-05-29,0.0008000,0.0026000,0.0063000,0.0152000,0.0213000
2015-06-05,0.0007000,0.0027000,0.0067000,0.0165000,0.0231000
2015-06-12,0.0009000,0.0028000,0.0073000,0.0175000,0.0242000
2015-06-19,0.0009000,0.0027000,0.0068000,0.0165000,0.0232000
2015-06-26,0.0008000,0.0029000,0.0069000,0.0171000,0.0241000
2015-07-03,0.0011000,0.0027000,0.0065000,0.0165000,0.0238000
2015-07-10,0.0008000,0.0026000,0.0060000,0.0157000,0.0231000
2015-07-17,0.0010000,0.0028000,0.0067000,0.0167000,0.0238000
2015-07-24,0.0013000,0.0033000,0.0072000,0.0168000,0.0232000
2015-07-31,0.0014000,0.0033000,0.0069000,0.0159000,0.0225000
2015-08-07,0.0019000,0.0036000,0.0072000,0.0160000,0.0222000
2015-08-14,0.0024000,0.0039000,0.0071000,0.0157000,0.0218000
2015-08-21,0.0023000,0.0039000,0.0069000,0.0152000,0.0212000
2015-08-28,0.0021000,0.0036000,0.0067000,0.0147000,0.0214000
2015-09-04,0.0025000,0.0037000,0.0072000,0.0150000,0.0218000
2015-09-11,0.0026000,0.0039000,0.0074000,0.0153000,0.0221000
2015-09-18,0.0021000,0.0041000,0.0075000,0.0154000,0.0222000
2015-09-25,0.0009000,0.0034000,0.0070000,0.0147000,0.0216000
2015-10-02,0.0008000,0.0031000,0.0063000,0.0136000,0.0205000
2015-10-09,0.0007000,0.0027000,0.0063000,0.0137000,0.0209000
2015-10-16,0.0008000,0.0023000,0.0061000,0.0134000,0.0203000
2015-10-23,0.0012000,0.0023000,0.0064000,0.0138000,0.0206000
2015-10-30,0.0020000,0.0031000,0.0071000,0.0146000,0.0211000
2015-11-06,0.0028000,0.0041000,0.0083000,0.0164000,0.0226000
2015-11-13,0.0034000,0.0050000,0.0088000,0.0172000,0.0232000
2015-11-20,0.0032000,0.0049000,0.0090000,0.0168000,0.0226000
2015-11-27,0.0037000,0.0051000,0.0093000,0.0167000,0.0224000
2015-12-04,0.0044000,0.0054000,0.0094000,0.0166000,0.0223000
2015-12-11,0.0055000,0.0071000,0.0093000,0.0165000,0.0221000
2015-12-18,0.0051000,0.0069000,0.0099000,0.0170000,0.0225000
2015-12-25,0.0049000,0.0065000,0.0100000,0.0171000,0.0224000
2016-01-01,0.0049000,0.0066000,0.0107000,0.0178000,0.0229000
2016-01-08,0.0047000,0.0065000,0.0099000,0.0166000,0.0219000
2016-01-15,0.0044000,0.0058000,0.0091000,0.0152000,0.0210000
2016-01-22,0.0038000,0.0046000,0.0086000,0.0147000,0.0204000
2016-01-29,0.0044000,0.0047000,0.0083000,0.0142000,0.0200000
2016-02-05,0.0046000,0.0052000,0.0074000,0.0129000,0.0189000
2016-02-12,0.0041000,0.0051000,0.0068000,0.0115000,0.0171000
2016-02-19,0.0044000,0.0053000,0.0074000,0.0124000,0.0178000
2016-02-26,0.0046000,0.0056000,0.0076000,0.0122000,0.0175000
2016-03-04,0.0048000,0.0066000,0.0084000,0.0132000,0.0182000
2016-03-11,0.0049000,0.0068000,0.0092000,0.0142000,0.0191000
2016-03-18,0.0048000,0.0067000,0.0091000,0.0143000,0.0193000
2016-03-25,0.0046000,0.0064000,0.0089000,0.0139000,0.0191000
2016-04-01,0.0042000,0.0062000,0.0078000,0.0127000,0.0182000
2016-04-08,0.0036000,0.0055000,0.0072000,0.0118000,0.0174000
2016-04-15,0.0036000,0.0054000,0.0074000,0.0122000,0.0177000
2016-04-22,0.0036000,0.0054000,0.0080000,0.0131000,0.0184000
2016-04-29,0.0040000,0.0058000,0.0082000,0.0133000,0.0188000
2016-05-06,0.0040000,0.0052000,0.0075000,0.0125000,0.0181000
2016-05-13,0.0037000,0.0053000,0.0074000,0.0121000,0.0175000
2016-05-20,0.0042000,0.0062000,0.0086000,0.0134000,0.0182000
2016-05-27,0.0047000,0.0068000,0.0090000,0.0139000,0.0185000
2016-06-03,0.0047000,0.0067000,0.0086000,0.0134000,0.0180000
2016-06-10,0.0043000,0.0059000,0.0077000,0.0122000,0.0170000
2016-06-17,0.0038000,0.0053000,0.0071000,0.0112000,0.0161000
2016-06-24,0.0041000,0.0055000,0.0073000,0.0118000,0.0168000
2016-07-01,0.0036000,0.0045000,0.0060000,0.0101000,0.0147000
2016-07-08,0.0036000,0.0046000,0.0058000,0.0095000,0.0138000
2016-07-15,0.0041000,0.0052000,0.0068000,0.0109000,0.0151000
2016-07-22,0.0044000,0.0055000,0.0070000,0.0113000,0.0158000
2016-07-29,0.0041000,0.0053000,0.0072000,0.0110000,0.0153000
2016-08-05,0.0042000,0.0052000,0.0067000,0.0107000,0.0154000
2016-08-12,0.0044000,0.0056000,0.0072000,0.0112000,0.0154000
2016-08-19,0.0045000,0.0058000,0.0074000,0.0115000,0.0156000
2016-08-26,0.0046000,0.0059000,0.0078000,0.0116000,0.0157000
2016-09-02,0.0047000,0.0061000,0.0080000,0.0119000,0.0158000
2016-09-09,0.0049000,0.0057000,0.0076000,0.0117000,0.0159000
2016-09-16,0.0052000,0.0061000,0.0077000,0.0122000,0.0170000
2016-09-23,0.0044000,0.0060000,0.0079000,0.0119000,0.0166000
2016-09-30,0.0043000,0.0059000,0.0075000,0.0113000,0.0158000
2016-10-07,0.0047000,0.0065000,0.0083000,0.0124000,0.0170000
2016-10-14,0.0047000,0.0067000,0.0086000,0.0129000,0.0178000
2016-10-21,0.0047000,0.0066000,0.0082000,0.0125000,0.0176000
2016-10-28,0.0048000,0.0067000,0.0086000,0.0130000,0.0181000
2016-11-04,0.0051000,0.0064000,0.0082000,0.0127000,0.0182000
2016-11-11,0.0056000,0.0070000,0.0088000,0.0142000,0.0198000
2016-11-18,0.0062000,0.0077000,0.0103000,0.0171000,0.0226000
2016-11-25,0.0062000,0.0079000,0.0110000,0.0181000,0.0234000
2016-12-02,0.0061000,0.0080000,0.0111000,0.0183000,0.0237000
2016-12-09,0.0063000,0.0084000,0.0112000,0.0184000,0.0240000
2016-12-16,0.0065000,0.0089000,0.0123000,0.0200000,0.0254000
2016-12-23,0.0065000,0.0088000,0.0123000,0.0204000,0.0255000
2016-12-30,0.0063000,0.0087000,0.0124000,0.0200000,0.0251000
2017-01-06,0.0063000,0.0086000,0.0121000,0.0192000,0.0243000
2017-01-13,0.0060000,0.0082000,0.0120000,0.0189000,0.0238000
2017-01-20,0.0062000,0.0082000,0.0121000,0.0192000,0.0243000
2017-01-27,0.0061000,0.0081000,0.0121000,0.0194000,0.0248000
2017-02-03,0.0064000,0.0083000,0.0121000,0.0192000,0.0248000
2017-02-10,0.0063000,0.0080000,0.0117000,0.0186000,0.0239000
2017-02-17,0.0066000,0.0083000,0.0123000,0.0196000,0.0246000
2017-02-24,0.0067000,0.0082000,0.0119000,0.0188000,0.0239000
2017-03-03,0.0077000,0.0091000,0.0127000,0.0196000,0.0243000
2017-03-10,0.0087000,0.0102000,0.0134000,0.0208000,0.0255000
2017-03-17,0.0090000,0.0103000,0.0136000,0.0207000,0.0255000
2017-03-24,0.0090000,0.0100000,0.0127000,0.0196000,0.0242000
2017-03-31,0.0091000,0.0103000,0.0128000,0.0194000,0.0240000
2017-04-07,0.0093000,0.0104000,0.0125000,0.0188000,0.0235000
2017-04-14,0.0095000,0.0105000,0.0125000,0.0183000,0.0230000
2017-04-21,0.0093000,0.0102000,0.0120000,0.0176000,0.0223000
2017-04-28,0.0098000,0.0106000,0.0127000,0.0183000,0.0231000
2017-05-05,0.0100000,0.0110000,0.0130000,0.0186000,0.0233000
2017-05-12,0.0103000,0.0113000,0.0134000,0.0191000,0.0239000
2017-05-19,0.0102000,0.0110000,0.0128000,0.0181000,0.0227000
2017-05-26,0.0107000,0.0115000,0.0130000,0.0180000,0.0226000
2017-06-02,0.0107000,0.0116000,0.0128000,0.0175000,0.0220000
2017-06-09,0.0109000,0.0118000,0.0132000,0.0174000,0.0218000
2017-06-16,0.0112000,0.0121000,0.0135000,0.0176000,0.0218000
2017-06-23,0.0112000,0.0122000,0.0135000,0.0178000,0.0216000
2017-06-30,0.0113000,0.0122000,0.0137000,0.0183000,0.0223000
2017-07-07,0.0114000,0.0123000,0.0141000,0.0194000,0.0236000
2017-07-14,0.0113000,0.0122000,0.0137000,0.0190000,0.0235000
2017-07-21,0.0111000,0.0122000,0.0136000,0.0183000,0.0227000
2017-07-28,0.0113000,0.0123000,0.0137000,0.0185000,0.0230000
2017-08-04,0.0114000,0.0123000,0.0135000,0.0181000,0.0227000
2017-08-11,0.0115000,0.0122000,0.0134000,0.0180000,0.0224000
2017-08-18,0.0113000,0.0124000,0.0133000,0.0178000,0.0222000
2017-08-25,0.0111000,0.0123000,0.0133000,0.0177000,0.0219000
2017-09-01,0.0111000,0.0123000,0.0133000,0.0172000,0.0214000
2017-09-08,0.0115000,0.0123000,0.0129000,0.0165000,0.0207000
2017-09-15,0.0116000,0.0127000,0.0135000,0.0177000,0.0218000
2017-09-22,0.0119000,0.0131000,0.0143000,0.0187000,0.0226000
2017-09-29,0.0119000,0.0131000,0.0146000,0.0189000,0.0228000
2017-10-06,0.0121000,0.0133000,0.0149000,0.0194000,0.0234000
2017-10-13,0.0126000,0.0141000,0.0151000,0.0194000,0.0233000
2017-10-20,0.0125000,0.0142000,0.0157000,0.0198000,0.0233000
2017-10-27,0.0127000,0.0143000,0.0160000,0.0204000,0.0242000
2017-11-03,0.0128000,0.0145000,0.0161000,0.0200000,0.0236000
2017-11-10,0.0134000,0.0152000,0.0164000,0.0201000,0.0234000
2017-11-17,0.0140000,0.0157000,0.0170000,0.0206000,0.0237000
2017-11-24,0.0145000,0.0162000,0.0176000,0.0208000,0.0235000
2017-12-01,0.0144000,0.0162000,0.0177000,0.0210000,0.0236000
2017-12-08,0.0147000,0.0166000,0.0180000,0.0214000,0.0236000
2017-12-15,0.0148000,0.0170000,0.0182000,0.0215000,0.0237000
2017-12-22,0.0152000,0.0172000,0.0188000,0.0223000,0.0246000
2017-12-29,0.0153000,0.0176000,0.0190000,0.0223000,0.0243000
2018-01-05,0.0160000,0.0182000,0.0195000,0.0227000,0.0246000
2018-01-12,0.0159000,0.0178000,0.0198000,0.0232000,0.0254000
2018-01-19,0.0163000,0.0179000,0.0205000,0.0241000,0.0259000
2018-01-26,0.0164000,0.0179000,0.0209000,0.0244000,0.0265000
2018-02-02,0.0165000,0.0187000,0.0214000,0.0253000,0.0275000
2018-02-09,0.0171000,0.0189000,0.0212000,0.0254000,0.0281000